-- phpMyAdmin SQL Dump
-- version 5.2.0
-- https://www.phpmyadmin.net/
--
-- Host: 127.0.0.1
-- Generation Time: Apr 24, 2023 at 03:30 PM
-- Server version: 10.4.27-MariaDB
-- PHP Version: 8.2.0

SET SQL_MODE = "NO_AUTO_VALUE_ON_ZERO";
START TRANSACTION;
SET time_zone = "+00:00";


/*!40101 SET @OLD_CHARACTER_SET_CLIENT=@@CHARACTER_SET_CLIENT */;
/*!40101 SET @OLD_CHARACTER_SET_RESULTS=@@CHARACTER_SET_RESULTS */;
/*!40101 SET @OLD_COLLATION_CONNECTION=@@COLLATION_CONNECTION */;
/*!40101 SET NAMES utf8mb4 */;

--
-- Database: `manager`
--
CREATE DATABASE IF NOT EXISTS `manager` DEFAULT CHARACTER SET utf8mb4 COLLATE utf8mb4_general_ci;
USE `manager`;

-- --------------------------------------------------------

--
-- Table structure for table `account_info`
--

CREATE TABLE IF NOT EXISTS `account_info` (
  `user_id` int(11) NOT NULL AUTO_INCREMENT,
  `username` varchar(50) NOT NULL,
  `password` varchar(50) NOT NULL,
  `name` varchar(255) NOT NULL,
  `gender` varchar(5) NOT NULL,
  `birthday` date NOT NULL DEFAULT current_timestamp(),
  `email` text NOT NULL,
  `phone` varchar(12) NOT NULL,
  `role` varchar(5) NOT NULL,
  `last_access` timestamp NOT NULL DEFAULT current_timestamp() ON UPDATE current_timestamp(),
  `avatar` varchar(255) NOT NULL DEFAULT 'Images/standard_avt.jpg',
  `more` text NOT NULL,
  PRIMARY KEY (`user_id`)
) ENGINE=InnoDB AUTO_INCREMENT=56 DEFAULT CHARSET=utf8mb4 COLLATE=utf8mb4_general_ci;

--
-- Dumping data for table `account_info`
--

INSERT INTO `account_info` (`user_id`, `username`, `password`, `name`, `gender`, `birthday`, `email`, `phone`, `role`, `last_access`, `avatar`, `more`) VALUES
(1, 'admin', '14022003', 'ADMIN', '', '2023-04-01', '', '', 'ADMIN', '2023-04-20 08:43:12', 'Images/standard_avt.jpg', ''),
(3, 'sample3', 'sample1', 'Lê Văn 3', 'Nam', '2023-04-01', 'sample3@email.com', '0333333333', 'BAN', '2023-04-02 00:22:53', 'Images/standard_avt.jpg', 'Tài khoản bạn bị khóa vì ngôn ngữ thô tục'),
(4, 'sample4', 'sample1', 'Lê Văn 4', 'Nam', '2023-04-01', 'sample4@email.com', '0444444444', 'GUEST', '2023-04-24 13:29:06', 'Images/standard_avt.jpg', ''),
(5, 'sample5', 'sample1', 'Lê Văn 5', 'Nam', '2023-04-01', 'sample5@email.com', '0555555555', 'GUEST', '2023-04-24 13:29:06', 'Images/standard_avt.jpg', ''),
(6, 'sample6', 'sample1', 'Lê Văn 6', 'Nam', '2023-04-01', 'sample6@email.com', '0666666666', 'GUEST', '2023-04-24 13:29:06', 'Images/standard_avt.jpg', ''),
(7, 'sample7', 'sample1', 'Lê Văn 7', 'Nam', '2023-04-01', 'sample7@email.com', '0777777777', 'GUEST', '2023-04-24 13:29:06', 'Images/standard_avt.jpg', ''),
(8, 'sample8', 'sample1', 'Lê Văn 8', 'Nam', '2023-04-01', 'sample8@email.com', '0888888888', 'GUEST', '2023-04-24 13:29:06', 'Images/standard_avt.jpg', ''),
(9, 'sample9', 'sample1', 'Lê Văn 9', 'Nam', '2023-04-01', 'sample9@email.com', '0999999999', 'GUEST', '2023-04-24 13:29:06', 'Images/standard_avt.jpg', ''),
(10, 'sample10', 'sample1', 'Lê Văn 10', 'Nam', '2023-04-01', 'sample10@email.com', '010101010101', 'GUEST', '2023-04-24 13:29:06', 'Images/standard_avt.jpg', ''),
(11, 'sample11', 'sample1', 'Lê Văn 11', 'Nam', '2023-04-01', 'sample11@email.com', '011111111111', 'GUEST', '2023-04-24 13:29:06', 'Images/standard_avt.jpg', ''),
(12, 'sample12', 'sample1', 'Lê Văn 12', 'Nam', '2023-04-01', 'sample12@email.com', '012121212121', 'GUEST', '2023-04-24 13:29:06', 'Images/standard_avt.jpg', ''),
(13, 'sample13', 'sample1', 'Lê Văn 13', 'Nam', '2023-04-01', 'sample13@email.com', '013131313131', 'GUEST', '2023-04-24 13:29:06', 'Images/standard_avt.jpg', ''),
(14, 'sample14', 'sample1', 'Lê Văn 14', 'Nam', '2023-04-01', 'sample14@email.com', '014141414141', 'GUEST', '2023-04-24 13:29:06', 'Images/standard_avt.jpg', ''),
(15, 'sample15', 'sample1', 'Lê Văn 15', 'Nam', '2023-04-01', 'sample15@email.com', '015151515151', 'GUEST', '2023-04-24 13:29:06', 'Images/standard_avt.jpg', ''),
(16, 'sample16', 'sample1', 'Lê Văn 16', 'Nam', '2023-04-01', 'sample16@email.com', '016161616161', 'GUEST', '2023-04-24 13:29:06', 'Images/standard_avt.jpg', ''),
(17, 'sample17', 'sample1', 'Lê Văn 17', 'Nam', '2023-04-01', 'sample17@email.com', '017171717171', 'GUEST', '2023-04-24 13:29:06', 'Images/standard_avt.jpg', ''),
(18, 'sample18', 'sample1', 'Lê Văn 18', 'Nam', '2023-04-01', 'sample18@email.com', '018181818181', 'GUEST', '2023-04-24 13:29:06', 'Images/standard_avt.jpg', ''),
(19, 'sample19', 'sample1', 'Lê Văn 19', 'Nam', '2023-04-01', 'sample19@email.com', '019191919191', 'GUEST', '2023-04-24 13:29:06', 'Images/standard_avt.jpg', ''),
(20, 'sample20', 'sample1', 'Lê Văn 20', 'Nam', '2023-04-01', 'sample20@email.com', '020202020202', 'GUEST', '2023-04-24 13:29:06', 'Images/standard_avt.jpg', ''),
(21, 'sample21', 'sample1', 'Lê Văn 21', 'Nam', '2023-04-01', 'sample21@email.com', '021212121212', 'GUEST', '2023-04-24 13:29:06', 'Images/standard_avt.jpg', ''),
(22, 'sample22', 'sample1', 'Lê Văn 22', 'Nam', '2023-04-01', 'sample22@email.com', '022222222222', 'GUEST', '2023-04-24 13:29:06', 'Images/standard_avt.jpg', ''),
(23, 'sample23', 'sample1', 'Lê Văn 23', 'Nam', '2023-04-01', 'sample23@email.com', '023232323232', 'GUEST', '2023-04-24 13:29:06', 'Images/standard_avt.jpg', ''),
(24, 'sample24', 'sample1', 'Lê Văn 24', 'Nam', '2023-04-01', 'sample24@email.com', '024242424242', 'GUEST', '2023-04-24 13:29:06', 'Images/standard_avt.jpg', ''),
(25, 'sample25', 'sample1', 'Lê Văn 25', 'Nam', '2023-04-01', 'sample25@email.com', '025252525252', 'GUEST', '2023-04-24 13:29:06', 'Images/standard_avt.jpg', ''),
(26, 'sample26', 'sample1', 'Lê Văn 26', 'Nam', '2023-04-01', 'sample26@email.com', '026262626262', 'GUEST', '2023-04-24 13:29:06', 'Images/standard_avt.jpg', ''),
(27, 'sample27', 'sample1', 'Lê Văn 27', 'Nam', '2023-04-01', 'sample27@email.com', '027272727272', 'GUEST', '2023-04-24 13:29:06', 'Images/standard_avt.jpg', ''),
(28, 'sample28', 'sample1', 'Lê Văn 28', 'Nam', '2023-04-01', 'sample28@email.com', '028282828282', 'GUEST', '2023-04-24 13:29:06', 'Images/standard_avt.jpg', ''),
(29, 'sample29', 'sample1', 'Lê Văn 29', 'Nam', '2023-04-01', 'sample29@email.com', '029292929292', 'GUEST', '2023-04-24 13:29:06', 'Images/standard_avt.jpg', ''),
(30, 'sample30', 'sample1', 'Lê Văn 30', 'Nam', '2023-04-01', 'sample30@email.com', '030303030303', 'GUEST', '2023-04-24 13:29:06', 'Images/standard_avt.jpg', ''),
(31, 'sample31', 'sample1', 'Lê Văn 31', 'Nam', '2023-04-01', 'sample31@email.com', '031313131313', 'GUEST', '2023-04-24 13:29:06', 'Images/standard_avt.jpg', ''),
(32, 'sample32', 'sample1', 'Lê Văn 32', 'Nam', '2023-04-01', 'sample32@email.com', '032323232323', 'GUEST', '2023-04-24 13:29:06', 'Images/standard_avt.jpg', ''),
(33, 'sample33', 'sample1', 'Lê Văn 33', 'Nam', '2023-04-01', 'sample33@email.com', '033333333333', 'GUEST', '2023-04-24 13:29:06', 'Images/standard_avt.jpg', ''),
(34, 'sample34', 'sample1', 'Lê Văn 34', 'Nam', '2023-04-01', 'sample34@email.com', '034343434343', 'GUEST', '2023-04-24 13:29:06', 'Images/standard_avt.jpg', ''),
(35, 'sample35', 'sample1', 'Lê Văn 35', 'Nam', '2023-04-01', 'sample35@email.com', '035353535353', 'GUEST', '2023-04-24 13:29:06', 'Images/standard_avt.jpg', ''),
(36, 'sample36', 'sample1', 'Lê Văn 36', 'Nam', '2023-04-01', 'sample36@email.com', '036363636363', 'GUEST', '2023-04-24 13:29:06', 'Images/standard_avt.jpg', ''),
(37, 'sample37', 'sample1', 'Lê Văn 37', 'Nam', '2023-04-01', 'sample37@email.com', '037373737373', 'GUEST', '2023-04-24 13:29:06', 'Images/standard_avt.jpg', ''),
(38, 'sample38', 'sample1', 'Lê Văn 38', 'Nam', '2023-04-01', 'sample38@email.com', '038383838383', 'GUEST', '2023-04-24 13:29:06', 'Images/standard_avt.jpg', ''),
(39, 'sample39', 'sample1', 'Lê Văn 39', 'Nam', '2023-04-01', 'sample39@email.com', '039393939393', 'GUEST', '2023-04-24 13:29:06', 'Images/standard_avt.jpg', ''),
(40, 'sample40', 'sample1', 'Lê Văn 40', 'Nam', '2023-04-01', 'sample40@email.com', '040404040404', 'GUEST', '2023-04-24 13:29:06', 'Images/standard_avt.jpg', ''),
(41, 'sample41', 'sample1', 'Lê Văn 41', 'Nam', '2023-04-01', 'sample41@email.com', '041414141414', 'GUEST', '2023-04-24 13:29:06', 'Images/standard_avt.jpg', ''),
(42, 'sample42', 'sample1', 'Lê Văn 42', 'Nam', '2023-04-01', 'sample42@email.com', '042424242424', 'GUEST', '2023-04-24 13:29:06', 'Images/standard_avt.jpg', ''),
(43, 'sample43', 'sample1', 'Lê Văn 43', 'Nam', '2023-04-01', 'sample43@email.com', '043434343434', 'GUEST', '2023-04-24 13:29:06', 'Images/standard_avt.jpg', ''),
(44, 'sample44', 'sample1', 'Lê Văn 44', 'Nam', '2023-04-01', 'sample44@email.com', '044444444444', 'GUEST', '2023-04-24 13:29:06', 'Images/standard_avt.jpg', ''),
(45, 'sample45', 'sample1', 'Lê Văn 45', 'Nam', '2023-04-01', 'sample45@email.com', '045454545454', 'GUEST', '2023-04-24 13:29:06', 'Images/standard_avt.jpg', ''),
(46, 'sample46', 'sample1', 'Lê Văn 46', 'Nam', '2023-04-01', 'sample46@email.com', '046464646464', 'GUEST', '2023-04-24 13:29:06', 'Images/standard_avt.jpg', ''),
(47, 'sample47', 'sample1', 'Lê Văn 47', 'Nam', '2023-04-01', 'sample47@email.com', '047474747474', 'GUEST', '2023-04-24 13:29:06', 'Images/standard_avt.jpg', ''),
(48, 'sample48', 'sample1', 'Lê Văn 48', 'Nam', '2023-04-01', 'sample48@email.com', '048484848484', 'GUEST', '2023-04-24 13:29:06', 'Images/standard_avt.jpg', ''),
(49, 'sample49', 'sample1', 'Lê Văn 49', 'Nam', '2023-04-01', 'sample49@email.com', '049494949494', 'GUEST', '2023-04-24 13:29:06', 'Images/standard_avt.jpg', ''),
(50, 'sample50', 'sample1', 'Lê Văn 50', 'Nam', '2023-04-01', 'sample50@email.com', '050505050505', 'GUEST', '2023-04-24 13:29:06', 'Images/standard_avt.jpg', ''),
(51, 'sample51', 'sample1', 'Lê Văn 51', 'Nam', '2023-04-01', 'sample51@email.com', '051515151515', 'GUEST', '2023-04-24 13:29:06', 'Images/standard_avt.jpg', ''),
(52, 'sample52', 'sample1', 'Lê Văn 52', 'Nam', '2023-04-01', 'sample52@email.com', '052525252525', 'GUEST', '2023-04-24 13:29:06', 'Images/standard_avt.jpg', ''),
(53, 'sample53', 'sample1', 'Lê Văn 53', 'Nam', '2023-04-01', 'sample53@email.com', '053535353535', 'GUEST', '2023-04-24 13:29:06', 'Images/standard_avt.jpg', ''),
(54, 'sample54', 'sample1', 'Lê Văn 54', 'Nam', '2023-04-01', 'sample54@email.com', '054545454545', 'GUEST', '2023-04-24 13:29:06', 'Images/standard_avt.jpg', ''),
(55, 'quan.cao2310', '123456', '', '', '2023-04-20', 'chatgpt.edu.vn.tk3@gmail.com', '', 'GUEST', '2023-04-20 09:34:54', 'Images/standard_avt.jpg', '');

-- --------------------------------------------------------

--
-- Table structure for table `bill_info`
--

CREATE TABLE IF NOT EXISTS `bill_info` (
  `bill_id` int(11) NOT NULL,
  `user_id` int(11) NOT NULL,
  `product_id` int(11) NOT NULL,
  `product_name` varchar(250) NOT NULL,
  `chosen_quantity` int(11) NOT NULL,
  `chosen_size` varchar(50) NOT NULL,
  `chosen_color` varchar(50) NOT NULL,
  `price` double NOT NULL,
  KEY `bill_id` (`bill_id`),
  KEY `user_id` (`user_id`),
  KEY `product_id` (`product_id`)
) ENGINE=InnoDB DEFAULT CHARSET=utf8mb4 COLLATE=utf8mb4_general_ci;

--
-- Dumping data for table `bill_info`
--

INSERT INTO `bill_info` (`bill_id`, `user_id`, `product_id`, `product_name`, `chosen_quantity`, `chosen_size`, `chosen_color`, `price`) VALUES
(1, 5, 1, 'ALIEN TEE', 2, 'M', 'black', 360000),
(1, 5, 7, 'HOODIE BASIC / WHITE', 1, 'M', 'white', 179000),
(2, 5, 1, 'ALIEN TEE', 2, 'M', 'black', 360000),
(2, 5, 7, 'HOODIE BASIC / WHITE', 1, 'M', 'white', 179000),
(3, 5, 1, 'ALIEN TEE', 2, 'M', 'black', 360000),
(3, 5, 7, 'HOODIE BASIC / WHITE', 1, 'M', 'white', 179000);

-- --------------------------------------------------------

--
-- Table structure for table `cart_info`
--

CREATE TABLE IF NOT EXISTS `cart_info` (
  `user_id` int(11) NOT NULL,
  `product_id` int(11) NOT NULL,
  `chosen_quantity` int(11) NOT NULL,
  `chosen_size` varchar(50) NOT NULL,
  `chosen_color` varchar(50) NOT NULL,
  `price` double NOT NULL,
  KEY `user_id` (`user_id`),
  KEY `product_id` (`product_id`)
) ENGINE=InnoDB DEFAULT CHARSET=utf8mb4 COLLATE=utf8mb4_general_ci;

-- --------------------------------------------------------

--
-- Table structure for table `feedback`
--

CREATE TABLE IF NOT EXISTS `feedback` (
  `feedback_id` int(11) NOT NULL,
  `user_id` int(11) NOT NULL,
  `username` varchar(50) NOT NULL,
  `product_id` int(11) NOT NULL,
  `product_name` varchar(250) NOT NULL,
  `reply_id` int(11) NOT NULL DEFAULT 0,
  `stars` int(1) NOT NULL,
  `detail` text NOT NULL,
  PRIMARY KEY (`feedback_id`),
  KEY `user_id` (`user_id`),
  KEY `product_id` (`product_id`)
) ENGINE=InnoDB DEFAULT CHARSET=utf8mb4 COLLATE=utf8mb4_general_ci;

-- --------------------------------------------------------

--
-- Table structure for table `news`
--

CREATE TABLE IF NOT EXISTS `news` (
  `news_id` int(10) NOT NULL AUTO_INCREMENT,
  `name` varchar(255) NOT NULL,
  `author` varchar(255) NOT NULL,
  `date_modified` date NOT NULL DEFAULT current_timestamp(),
  `summary` text NOT NULL,
  `content` text NOT NULL,
  `thumbnail` text NOT NULL,
  PRIMARY KEY (`news_id`),
  UNIQUE KEY `name` (`name`)
) ENGINE=InnoDB AUTO_INCREMENT=10 DEFAULT CHARSET=utf8mb4 COLLATE=utf8mb4_unicode_ci;

--
-- Dumping data for table `news`
--

INSERT INTO `news` (`news_id`, `name`, `author`, `date_modified`, `summary`, `content`, `thumbnail`) VALUES
(1, 'Graphene là gì? Những ứng dụng tuyệt vời của graphene trong cuộc sống', 'ADMIN', '2023-04-03', 'Graphene là một vật liệu mới nổi giúp ngày càng được sử dụng nhiều hơn trong các lĩnh vực cuộc sống bởi những tính chất cực kỳ ưu việt. Vậy Graphene là gì? Có ứng dụng như thế nào?', '<p>Graphene là một vật liệu mới nổi giúp ngày càng được sử dụng nhiều hơn trong các lĩnh vực cuộc sống bởi những tính chất cực kỳ ưu việt. Tuy nhiên vật liệu này lại chưa thực sự được nhiều người biết đến. Vậy Graphene là gì? Có ứng dụng như thế nào? Cùng tìm hiểu ngay nhé.</p>\r\n<h4>1. Graphene là gì?</h4>\r\n<p>\r\n  Graphene là một dạng thù hình của carbon bao gồm một lớp (đơn lớp) nguyên tử carbon được sắp xếp, \r\n  liên kết chặt chẽ với nhau trong một mạng tổ ong hai chiều. Mỗi nguyên tử cacbon trong tấm graphene \r\n  liên kết chặt chẽ với ba nguyên tử khác ở các góc giống hệt nhau, tạo thành một cấu trúc phẳng \r\n  giống như tổ ong. Tương tự như kim cương - graphene là một tinh thể carbon ba chiều, nơi mọi nguyên tử \r\n  được kết nối với bốn người hàng xóm - những liên kết bền chặt này mang lại cho cấu trúc độ bền đáng kể. \r\n</p>\r\n<p>\r\n  Các lớp graphene xếp chồng lên nhau tạo thành graphite, với khoảng cách giữa các mặt phẳng là 0,335 nanomet. \r\n  Các lớp graphene riêng biệt trong graphite được giữ với nhau bằng lực van der Waals, lực này có thể bị tách \r\n  ra trong quá trình tách graphene khỏi graphite. Có khoảng 3 triệu lớp graphene trong một tấm graphit dày 1 mm. \r\n  Theo thuật ngữ khoa học: Các đặc điểm đặc biệt của graphene bắt nguồn từ các obitan 2p, tạo thành các dải trạng \r\n  thái π phân chia vị trí trên tấm cacbon cấu thành nên graphene. Graphene Graphene là vật liệu mạnh nhất được biết \r\n  đến bởi nó cứng hơn kim cương nhưng đàn hồi hơn cao su; cứng hơn thép nhưng nhẹ hơn nhôm. Nhờ cấu trúc độc đáo \r\n  của graphene, nó sở hữu những đặc điểm đáng kinh ngạc khác: Tính linh động điện tử cao, nhanh hơn silicon 100 lần; \r\n  Graphene dẫn nhiệt tốt hơn kim cương gấp 2 lần; độ dẫn điện của graphene cũng tốt hơn 13 lần so với đồng. \r\n</p>\r\n<p>\r\n  Ngoài ra, Graphene chỉ hấp thụ 2,3% ánh sáng phản xạ; nó không thấm nước nên ngay cả nguyên tử nhỏ nhất (heli) \r\n  cũng không thể đi qua tấm graphene đơn lớp không có khuyết điểm. Với diện tích bề mặt lên tới 2.630 mét vuông mỗi \r\n  gam có nghĩa là với ít hơn 3 gam, bạn có thể bao phủ toàn bộ một sân bóng. Các đặc tính đáng chú ý khác của graphene \r\n  là sự hấp thụ đồng đều ánh sáng của nó qua các phần nhìn thấy và cận hồng ngoại của quang phổ(πα ≈ 2,3%), và khả năng \r\n  thích hợp của nó để sử dụng trong vận chuyển spin. Bạn có thể ngạc nhiên khi biết rằng carbon là nguyên tố có nhiều thứ \r\n  hai trong cơ thể con người và là nguyên tố phong phú thứ tư trong vũ trụ (tính theo khối lượng), sau hydro, heli và oxy. \r\n  Điều này làm cho carbon trở thành cơ sở hóa học cho tất cả sự sống đã biết trên trái đất, làm cho graphene có \r\n  khả năng trở thành một giải pháp bền vững, thân thiện với môi trường cho một số lượng ứng dụng gần như vô hạn. \r\n</p>\r\n<p>\r\n  Kể từ khi phát hiện ra graphene, các ứng dụng trong các ngành khoa học khác nhau đã bùng nổ, với những lợi ích to \r\n  lớn được tạo ra, đặc biệt là trong thiết bị điện tử tần số cao, cảm biến sinh học, hóa học và từ tính , bộ tách sóng \r\n  quang băng thông cực rộng và lưu trữ và tạo ra năng lượng.\r\n</p>\r\n', 'https://mcdn.coolmate.me/uploads/March2022/Graphene-2.jpg'),
(2, 'Business Casual là gì? Gợi ý 5 cách phối đồ phong cách Business Casual', 'ADMIN', '2023-04-03', 'Khi chuẩn mực công sở thay đổi để thích ứng với môi trường làm việc hiện đại, quy tắc trang phục cũng khác xưa. Business Casual hứa hẹn sẽ là phong cách “viral” trong những năm tới.', '<p>Business Casual dần trở thành lựa chọn “Dress-Code” quen thuộc dành cho những quý ông công sở. Đó là thứ tinh thần mà các chàng trai mong muốn bộ trang phục văn phòng của mình được thoát ra khỏi buồn tẻ và gò bó xưa nay. Vậy bạn đã thực sự làm chủ phong cách thời trang này chưa?</p>\r\n<h4>1. Business Casual là gì?</h4>\r\n<p>\r\n  Là một trong những phong cách phổ biến, Business Casual từ lâu đã quen thuộc với các quý ông văn phòng bởi tinh thần lịch lãm và chuyên nghiệp. Từ những năm 1990, style này đã được áp dụng bởi phần lớn những người làm văn phòng ở các nước phương Tây và đặc biệt phổ biến ở Mỹ, Canada. Về khái niệm, Business Casual là thuật ngữ chỉ kiểu trang phục ít trang trọng hơn so với những bộ suit trang trọng. Tuy nhiên, nó vẫn tạo được sự ấn tượng về tính chuyên nghiệp cần phải có. Tất nhiên, style ấy vẫn tạo nên phong thái chuẩn mực của một nhân viên trong môi trường văn phòng hay một doanh nhân trong mắt đối tác và khách hàng. Vừa thoải mái vừa lịch lãm và đồng thời cũng không bị khó chịu hay bí bách bởi những quy tắc “rập khuôn” của đồ công sở thông thường.\r\n</p>\r\n<p>\r\n  Đúng như tên gọi, Business Casual là sự kết hợp giữa 2 phong cách Business (công sở, lịch lãm) và Casual (đồ mặc hằng ngày). Hay có thể hiểu một cách đơn giản hơn, rằng Business Casual chính là giảm độ trịnh trọng của kiểu trang phục Business xuống một bậc, chứ không phải nâng tầm kiểu quần áo thường ngày lên một bậc. Thông thường, ranh giới giữa trang phục công sở chuyên nghiệp và bình thường dành cho nam giới đều chỉ xoay quanh việc thắt hoặc không thắt cà vạt. Nhưng mỗi môi trường sẽ có từng quy định riêng khác nhau. Ở đó, có thể vẫn có một phạm vi chung rộng rãi nào đó về những bộ đồ thường được sử dụng trong phong cách Business Casual. Đặc biệt, đây chính là lựa chọn hoàn hảo cho những ngành nghề có tính chất sáng tạo, cởi mở và ít bị ảnh hưởng bởi các quy định ăn mặc. Mặt khác, điều này cũng phụ thuộc khá nhiều vào gu ăn mặc của từng người. Chẳng hạn bạn thích họa tiết tinh tế và nhẹ nhàng chứ không màu mè, sặc sỡ. Và bạn luôn muốn làm mới bản thân qua mỗi ngày đi làm. Bạn cảm thấy mình nên khác nhau một chút ở từng thời điểm cụ thể, vậy thì Business Casual chắc chắn là dành cho bạn rồi.\r\n</p>\r\n<h4>2. Gợi ý 5 cách phối đồ phong cách Business Casual</h4>\r\n<p>\r\n  Hướng đến sự thoải mái nhưng vẫn giữ được sự lịch lãm vốn có cho người mặc là tinh thần mà Business Casual mang. Tuy nhiên không phải mọi item khi kết hợp với nhau đều cho ra hiệu ứng chuẩn đẹp như mong muốn. Và để biến thế giới của mình trở thành “một sàn diễn thời trang” thực sự, chúng ta cần học hỏi nhiều hơn thế. Vì vậy, chúng tôi sẽ giúp bạn tạo ra phong cách của bản thân cùng với những mảnh ghép vô cùng quan trọng trong thời trang.\r\n</p>\r\n<h5>2.1 Áo sơ mi - Quần kaki</h5>\r\n<p>Theo định nghĩa, Business Casual là phong cách không quá trang trọng như kiểu trang phục công sở truyền thống. Nhưng đồng thời nó vẫn cần phải đủ lịch sự để gây thiện cảm trong mắt mọi người xung quanh. Dễ hình dung, phong cách này hướng tới tính thanh lịch hơn so với kiểu trang phục đơn giản “Casual” mà ta vẫn luôn biết đến. Trong đó, áo sơ mi luôn là lựa chọn hàng đầu của các quý ông khi phối cùng quần kaki cho phong cách Business Casual này. Sự kết hợp giữa quần kaki trơn màu với áo sơ mi trắng, áo sơ mi sọc caro hay áo sơ mi sọc dọc,... đều tạo nên một bộ outfit vừa bắt mắt vừa hài hòa. Riêng loại quần kaki, bạn nên ưu tiên lựa chọn những gam màu trung tính như đen, be xám hoặc các màu tối. Và cũng đừng quên sử dụng thắt lưng có màu nhu nếu bạn muốn thêm phụ kiện. Đối với cách phối đồ này, dù trông có vẻ vẫn khá “bị” công sở nhưng chỉ cần không kết hợp với cà vạt là đã đủ để khác biệt. Chúng sẽ mang lại vẻ ngoài thoải mái và dễ chịu hơn cho người mặc. Từ những item quen thuộc như áo sơ mi Café-Dris và quần dài Kaki Excool nhưng với một chút biến tấu đã có thể trông rất mới mẻ. Ý tưởng này sẽ giúp bạn diện đẹp với tiêu chuẩn ăn mặc trong Business Casual.</p>\r\n<h5>2.2 Áo polo - Quần kaki</h5>\r\n<p>Sự lựa chọn này sẽ rất phù hợp với trang phục công sở của bạn trong những ngày nắng nóng như thời tiết mùa hè. Bởi lẽ, đơn giản chính là chìa khóa của phong cách Business Casual. Đặc biệt là đối với áo polo, càng phối hợp đơn giản sẽ càng tạo ra hiệu ứng tốt. Nó không chỉ tăng thêm phần lịch lãm và cuốn hút mà còn giúp quý ông trông bảnh bao và chững chạc hơn trong bất kỳ hoàn cảnh nào. Ngoài ra, bạn cũng đừng quên chọn những chiếc quần vừa vặn với cơ thể để trông thật gọn gàng. Bởi khi hạ bậc bộ suit xuống Business Casual, việc lựa chọn chiếc quần phù hợp luôn quan trọng hơn bao giờ hết.</p>\r\n<p>Hoặc một chiếc áo polo cùng quần kaki để vừa thanh lịch, vừa trẻ trung Một chiếc quần kaki dài dày vừa phải, sắc nét với mặt trước phẳng phiu và màu sắc trung tính sẽ là lựa chọn hoàn hảo. Đúng như tinh thần Business Casual hiện đại, bạn có thể khéo léo phối áo polo Excool xám đen và quần kaki với nhau để tạo nên sự thanh lịch tối ưu. Chiếc quần này sẽ hoàn thành xuất sắc trong việc giúp bạn thể hiện sự sắc sảo và tinh tế như phần còn lại của trang phục. Đó là lý do phong cách Business Casual luôn được những người đàn ông thành đạt ưu tiên lựa chọn. Do tính chất của công việc, họ phải thường xuyên mặc suit và đồ công sở. Tuy nhiên, quý ông vẫn có được sự tự tin và thoải mái vận động, di chuyển để làm việc suốt cả ngày dài. Chính vì thế, cánh mày râu sẽ cần đến Business Casual như một sự tuyên ngôn của người đàn ông hiện đại: Thời trang mà vẫn luôn trẻ trung.</p>\r\n<h5>2.3 Blazer</h5>\r\n<p>Trong phong cách Business Casual, dù các loại áo blazer tuy không thực sự cần thiết. Tuy nhiên, chúng sẽ giúp bạn trông chuyên nghiệp hơn hẳn trong các trường hợp đặc biệt như hội họp hoặc tiệc tùng của công ty. Bạn cũng có thể mặc blazer như trang phục công sở hằng ngày nếu lo sợ chiếc áo sơ mi “không cà vạt” khiến mình trông “quá Casual”. Trang phục Business Casual của bạn có thể bắt đầu với một chiếc áo khoác blazer đẹp. Để làm được điều đó, blazer nên có form slim, vai vuông, vạt áo dừng ngay trên mông và tay áo dài đến trước cổ tay áo sơ mi. Đối với món trang phục này, bạn cũng có nhiều kiểu dáng và chất liệu để lựa chọn. An toàn nhất là vẫn nên là một chiếc áo khoác blazer cổ điển single-breast với gấu áo cao hoặc có khía. Chúng sẽ giúp bạn luôn cảm thấy thoải mái, thoáng mát và dễ chịu dù phải diện suốt cả ngày. Nếu thích mặc phong cách Business Casual theo mùa trong năm, một chiếc áo khoác blazer vải tweed sẽ là lựa chọn phù hợp trong những ngày Đông. Chiếc áo blazer hô biến phái mạnh từ suit trang trọng thành style năng động Và đối với những ngày ấm nóng, bạn hãy mặc một chiếc áo khoác blazer cotton.</p>\r\n<p>Có thể nói, áo khoác blazer là item luôn “có mặt” trong danh sách những món trang phục không thể thiếu thuộc tủ đồ của phong cách Business Casual. Và đặc biệt là những khi tiết trời giao mùa. Khi diện phong cách Business Casual, dù thoải mái nhưng bạn vẫn phải tuân thủ theo các quy tắc về thanh lịch và sự tinh tế. Tuy nhiên, khác với áo sơ mi và bộ vest đôi khi trông có phần ngột ngạt, giờ đây nó đã được biến tấu trở nên hài hòa hơn. Một chiếc áo khoác blazer luôn là lựa chọn an toàn hơn cả. Áo blazer giúp phái mạnh giảm độ “ngột ngạt” của bộ suit truyền thống Bạn có thể linh hoạt kết hợp cùng áo phông Coolmate basic cùng quần dài kaki Excool để cho ra một phiên bản thật trẻ trung. Thiết kế thanh lịch đặc trưng của áo blazer khi được kết hợp cùng vẻ ngoài gọn gàng, lịch lãm của áo phông và quần kaki sẽ giúp người mặc có “bộ cánh” siêu hoàn hảo. Ý tưởng mix match ấy chắc hẳn sẽ mang lại cho phái mạnh phong thái lịch lãm và chỉn chu trong mọi hoàn cảnh sử dụng. Đồng thời, nó cũng sẽ góp phần không nhỏ trong công cuộc tăng thêm nét tự tin tỏa sáng của những người đàn ông đang mang trên mình cả sự nghiệp. Để tăng tính lịch sự và trang nhã cho set đồ của mình, bạn nên lựa chọn áo blazer, áo phông và quần kaki thật đơn giản. Dù nghe “nhạt nhòa” nhưng thực tế hiệu ứng khi kết hợp sẽ đủ để bạn “làm mới” và F5 lại phong cách thường ngày của mình.</p>\r\n<h5>2.4 Giày</h5>\r\n<p>Trong phong cách Business Casual sẽ có nhiều loại giày để mọi người theo đuổi và tất cả đều có 2 điểm chung: chất lượng - kiểu dáng. Thông thường các kiểu giày tây, giày Oxford, Monk Straps hay giày Loafers đều được đánh giá rất cao trong style này. Các loại giày được ưu tiên trong Business Casual style Dù không có quá nhiều quy tắc khắt khe về màu sắc của giày, nhưng phái mạnh vẫn nên giữ cho chúng đơn giản và chuyên nghiệp. Hãy ưu tiên lựa chọn những đôi giày công sở hiện đại bằng các chất liệu như da. Đồng thời, bạn cũng đừng quên sử dụng các gam màu sắc như đen, nâu, chocolate hoặc đỏ sẫm. Ngoài ra, cánh mày râu cũng nên lưu ý tránh các loại giày sneakers hoặc sandals khi diện đồ theo phong cách Business Casual. Và khi đã đã sẵn sàng để thử nghiệm, bạn có thể diện ngay một đôi boots da lộn hoặc boots chukkas để thể hiện tinh thần công sở đậm chất riêng.</p>\r\n<h5>2.5 Phụ kiện</h5>\r\n<p>Đối với phong cách Business Casual, cà vạt là lựa chọn không bắt buộc. Bạn có thể cân nhắc những gam màu cổ điển và chất liệu như lụa. Ngoài ra, những món phụ kiện nổi bật khác dành cho bạn nữa là chiếc đồng hồ dây da, chiếc pocket square, khăn choàng, găng tay, suspenders,... Tô đậm thêm cho phong cách Business Casual bằng chút phụ kiện. Hay nếu muốn là một Sprezzatura chính hiệu, bạn có thể chơi thêm chiếc vòng tay! Bên cạnh đó, đừng quên chọn cho mình một chiếc túi da để đựng vật dụng và giấy tờ của mình nhé.</p>\r\n<h4>3. Phân biệt Business Casual và Business Professional</h4>\r\n<p>Dựa vào mức độ trang trọng mà đồ công sở sẽ được chia làm 3 phong cách chính. Cụ thể bao gồm Business Casual, Business Professional và Business Formal. Nếu Business Casual dễ nhận biết với những kiểu trang phục thoải mái như sơ mi, áo polo và quần kaki,... Trong khi đó, 2 phong cách Business còn lại lại khá tương đồng. Vậy Business Casual và Business Professional có gì khác biệt? Có thể do cùng là phong cách thời trang công sở nên không ít người vẫn còn cảm thấy bối rối khi phải phân biệt chúng. Nhìn chung, tiêu chuẩn thời trang công sở chuyên nghiệp ở nam giới hiện nay có thể gói gọn trong 1 từ: Suit! Với phái mạnh, các kiểu trang phục thường thấy trong Business Professional thường sẽ là bộ suit, áo sơ mi, quần âu, cà vạt, thắt lưng và các loại giày tây.</p>\r\n<p>\r\nVề cơ bản, có thể hình dung đơn giản về Business professional là dạng đồng phục truyền thống công ty với các quy tắc ăn mặc đặc trưng. Chúng ta dễ dàng bắt gặp phong cách này trong trang phục của những nhân viên ngành kế toán, ngân hàng, luật sư hoặc chính phủ. Còn đối với phong cách Business Casual, đây sẽ là một phiên bản ít trang trọng hơn so với Business Professional. Bạn hoàn toàn có thể mặc áo sơ mi hay áo polo với quần kaki và khoác ngoài thêm một chiếc áo khoác blazer. Thoải mái mà không bị bí bách trong bất kỳ khuôn khổ công sở nào cả, đó chính là tinh thần giúp Business Casual trở nên khác biệt hơn Business Professional. Nếu còn e dè chưa biết cân chỉnh giữa 2 yếu tố sang trọng và thường nhật ra sao, phái mạnh hãy luôn ghi nhớ đến một quy tắc bất thành danh. Đó là đôi khi tạo ra bản phối hơi quá tay sẽ luôn tốt hơn là hơi xuống tay. Vì thế đừng ngại thỏa sức biến tấu cho mình những bản phối đậm tính cá nhân hơn. Bởi đó chính là những gì mà tinh thần Business Casual muốn hướng đến.\r\n</p>\r\n', 'https://mcdn.coolmate.me/image/February2023/business-casual-1190_378.jpg'),
(3, 'Bí kíp tạo dáng chụp ảnh nam đẹp ngầu như mẫu nam Hàn Quốc', 'ADMIN', '2023-04-03', 'Chắc rằng không ít chàng trai cảm thấy việc chụp hình là vô cùng khó khăn. Đừng lo, chúng tôi sẽ hướng dẫn một số cách tạo dáng chụp ảnh nam đẹp và cool ngầu.', '<p>Chắc rằng không ít chàng trai cảm thấy việc chụp hình là vô cùng khó khăn. Tâm lý ngại ống kính máy ảnh, không tìm được cách pose dáng phù hợp chính là nguyên nhân khiến profile của họ thiếu vắng đi những khoảnh khắc để đời. Trong bài viết này, chúng tôi sẽ hướng dẫn một số cách tạo dáng chụp ảnh nam đẹp và cool ngầu. Mong rằng với những bí kíp này sẽ gạt bỏ được những lo ngại của bạn nhé.</p>\r\n<h4>1. Tư thế tạo dáng chụp ảnh nam cực đẹp và thần thái</h4>\r\n<p>\r\nCác tư thế tạo dáng chụp ảnh nam được chia thành 3 kiểu chính, đó là đứng, ngồi và ngả (nằm). Với mỗi tư thế, bạn có thể chuyển đổi các vị trí đặt chân, cánh tay hay bàn tay khác nhau. tạo dáng chụp ảnh nam Trong bài viết này, chúng tôi sẽ hướng dẫn bạn một cách cụ thể hơn về 3 tư thế này. Những tư thế ấy sẽ hoàn toàn phù hợp với bất kỳ ai, để tạo thêm độ nét cho ngôn ngữ cơ thể, nâng cao biểu cảm và tông màu cho bức ảnh của bạn. Một tư thế chuẩn thần thái sẽ tạo ấn tượng tốt đẹp với người nhìn và thể hiện đôi điều về tính cách của bạn. cách tạo dáng chụp ảnh nam đẹp\r\n</p>\r\n<h5>1.1 Tư thế đứng</h5>\r\n<p>Di chuyển (Đi dạo) Bạn có biết, cách tạo dáng chụp ảnh nam đẹp nhất thường là những tư thế được chụp khi đang di chuyển. Để cho bức ảnh thêm sinh động, chuyển động của bạn cần phải thật thoái mái và tư nhiên nhất. Nhưng bạn cũng cần chú ý cách bước chân sao cho phù hợp với không gian hay hoàn cảnh xung quanh. Vậy làm thế nào để bước đi trông đẹp và phong cách đây? Với tư thế này, bạn phải chú trọng phần lưng - tránh tình trạng gù lưng, luôn giữ thẳng và ngực hướng về phía trước. Vậy thì bước đi mới khoan thai, tự tin và thu hút người nhìn.</p>\r\n<p>Bên cạnh đó, bạn có thể tùy ý đưa khuôn mặt của mình theo bất kỳ hướng nào, miễn sao đó là góc mặt đẹp nhất. Đừng quên tay của bạn cũng nên đánh theo hướng đi hoặc để làm bớt trống tay thì hãy cầm một món phụ kiện, chẳng hạn như kính mắt, túi, máy ảnh, … Nếu bạn muốn bức hình trông sinh động hơn, hãy tận dụng triệt để những phụ kiện nhé. Ngoài ra, bạn có thể bỏ tay vào túi quần và vờ như đang gấp gáp với chiếc túi xách trên tay cùng chiếc kính râm. Chuẩn “soái ca” chưa các chàng trai? Nhìn qua vai Nếu bạn sở hữu góc nghiêng “thần sầu” thì có thể áp dụng kiểu tạo dáng chụp ảnh nam này. Và đương nhiên, bạn hãy chọn góc mặt đẹp hơn và nhìn về hướng đó. Quay lưng với ống kính: Một kiểu tạo dáng trông có vẻ lạnh lùng và xa cách. Tư thế chụp ảnh này sẽ giúp bạn khoe được họa tiết, hình in hay các câu slogan được thiết kế ở phía sau của trang phục. Bên cạnh những tư thế đứng tạo dáng chụp ảnh nam trên, bạn cùng có thể áp dụng một số kiểu khác sau đây.</p>\r\n<h5>1.2 Tư thế ngồi và nằm</h5>\r\n<p>Bạn có đang cảm thấy khi mà bức ảnh nào cũng có một kiểu tạo dáng đứng nhàm chán? Vậy thì đây sẽ là một cách tạo dáng chụp ảnh thú vị, đơn giản nhưng lại vô cùng hiệu quả và thu hút đó là tư thế ngồi. Với tư thế này, vật thể đang ngồi cũng làm tăng thêm vẻ đẹp cho bức ảnh, vậy nên đừng cho rằng đó bắt buộc phải là một chiếc ghế. Thùng đàn guitar, trên đường ray, trên mui xe, … đều có thể áp dụng với tư thế tạo dáng chụp ảnh nam này.</p>\r\n<p>Ngồi suy nghĩ luôn là cách tạo dáng chụp ảnh cho nam được yêu thích bậc nhất. Bạn chỉ cần ngồi như bình thường, chống cằm trên tay. Đây là kiểu dáng giúp bạn khoe ra những đường nét gương mặt của mình, trông cực kỳ nam tính và mạnh mẽ phải không?</p>\r\n<p>Bạn đã từng nghe qua câu nói này chưa “Người đàn ông quyến rũ nhất là khi đang làm việc”. Một anh chàng chú tâm vào những gì mình làm và hết mình với công việc có thể khiến bất kỳ cô gái nào xao động. Mỗi lúc như thế trông bạn sẽ cực kỳ đẹp trai, dù thỉnh thoảng hơi cau có và cơ mặt khó chịu hơn bình thường. Đối với cách tạo dáng chụp ảnh như mẫu nam Hàn Quốc này, thực ra, bạn không nhất thiết phải làm việc. Chỉ cần tập trung nhìn một thứ gì đó, đơn giản như điện thoại, máy tính, … cùng đủ thu hút rồi. Ngồi vắt chéo chân Một dáng ngồi mạnh mẽ khác dành cho các chàng trai khi chụp ảnh mà vẫn cảm giác thoải mái đó là để bắt chéo chân. Bạn có thể ngồi bệt xuống hoặc ngồi trên ghế và nếu chưa biết vắt chéo chân thế nào đẹp, hãy nhờ sự trợ giúp của người chụp ảnh nhé.</p>\r\n<p>Bậc thang cùng cung cấp rất nhiều cách pose dáng chụp ảnh đẹp, làm cho bố cục bức ảnh trở nên hấp dẫn hơn. Nên chọn bậc thang có màu trung tính, tạo cảm giác quen thuộc nhưng vẫn mang lại sự hứng thú cho người nhìn. Ngồi trên ghế sofa Nếu bạn muốn trông hơi lộn xộn và gợi cảm trong bức ảnh, tạo dáng bằng cách nằm nghiêng có thể làm “điêu đứng” trái tim và tâm hồn của bất cứ ai. Một chiếc áo sơ mi màu trắng và mở cúc cùng chiếc denim cạp cao chính là set đồ hoàn hảo cho dáng chụp này.</p>\r\n<p>Ngồi ngược ghế là cách tạo dáng chụp ảnh nam độc đáo mà ít nhất bạn nên thử một lần. Với tư thế này, bạn chỉ cần khoanh tay, chống cằm hoặc để một tay lên ghế, … và nhìn vào ống kính. Cứ thoải mái pose dáng sao cho phù hợp và đẹp nhất nhé.</p>\r\n<p>Chắc hẳn bạn đang nghĩ tạo dáng ngồi trên xe là ngồi bên trong xe và tương tác với vô lăng. Nhưng bạn hoàn toàn có thể thử làm mới bộ ảnh với phong cách chụp ảnh ngồi “trên” xe. Thử đi nhé, bạn sẽ có ngay những bức ảnh “chất lừ” đấy! Hơn nữa, chỉ với những hành động đơn giản như thưởng thức một bịch bánh đầy hương vị hoặc cốc café thơm ngậy cùng với bộ trang phục đậm chất riêng và món phụ kiện sẽ khiến bạn trở nên ngầu hơn bao giờ hết như một chiếc mũ lưỡi trai nam và một chiếc kính râm.</p>\r\n<h4>2. Chụp ảnh “chất lừ” cho nam với 6 tuyệt chiêu đơn giản</h4>\r\n<p>\r\nÁp dụng 3 tư thế và các kiểu tạo dáng chụp ảnh Với 3 tư thế cùng rất nhiều kiểu tạo dáng chụp ảnh như mẫu nam Hàn Quốc mà chúng tôi đã gợi ý ở trên, bạn có thể áp dụng vào những bức ảnh của mình. Hãy nhớ rằng, “chìa khóa” để sở hữu những bộ ảnh chất lượng đó là phải thật tự tin, thoải mái và tự nhiên nhất nhé. Nhìn thẳng và tương tác với ống kính máy ảnh Để tránh nhàm chán hay bạn lo ngại những dáng chụp trên có phải là đang “diễn” thì tương tác trực tiếp với ống kính cũng là một ý tưởng không thể xuất sắc hơn. Bên cạnh đó, bạn nên lựa chọn trang phục in đậm dấu ấn riêng cùng các phụ kiện trang sức như dây chuyền, bông tai, mắt kính, … để cho bức hình được sinh động. Hãy thả lỏng người tự nhiên nhất, quay sang một hướng nào đó để tôn lên gương mặt góc cạnh với phần mũi trông cao hơn.\r\n</p>\r\n<p>Với các anh chàng thích sự bụi bẳm và cổ điển, chỉ một ánh nhìn trực diện vào máy ảnh cũng đã thật hút mắt rồi. Để không trông giống ảnh thẻ, bạn nên thử nghiệm nhiều biểu cảm khác nhau trong một lần chụp hình để chọn ra tấm ảnh ưng ý nhất. Mẹo cho bạn là nên sử dụng chế độ chụp chân dung trên điện thoại để xóa mờ các vật thể phía sau để bạn trông nổi bật hơn. Một tuyệt chiêu dành cho những chàng trai không biết tạo dáng như thế nào khi chụp ảnh đó là tận dụng điểm tựa. Với không gian xung quanh, hãy tìm ngay những bức tường, chiếc bàn hay bất kỳ thứ gì có thể dựa vào khi đứng hoặc ngồi. Đó là cách tạo dáng đơn giản, hiệu quả và không bao giờ lỗi mốt. Hơn nữa, với cách tạo dáng chụp ảnh nam này, bạn có thể khoe được một số đường cong cơ thể mạnh mẽ, sexy hoặc từng chuyển động cơ của tay bạn khi chống lên bàn, lên tường. Để thể hiện rõ nét hơn những đường cong và góc cạnh của cơ thể thì cách động tác bỏ tay vào túi quần, bắt chéo chân sẽ vô cùng chất và ngầu đấy. Hành động “nhỏ nhưng có võ” này cũng giúp bố cục hình ảnh thêm chặt chẽ, tạo cảm giác phóng khoáng, phong trần cho bức ảnh. Đơn giản hơn, bạn cũng có thể tạo điểm nhấn bằng cách bỏ tay vào túi quần và cầm nhẹ gọng kính. Vừa lịch lãm vừa tri thức phải không?</p>\r\n<h4>3. Bật mí cách phối đồ chụp ảnh đẹp cho nam mà bạn không nên bỏ qua</h4>\r\n<p>\r\n  Bên cạnh việc tạo dáng chụp ảnh nam, trang phục cũng là yếu tố cực kỳ quan trọng quyết định bức hình của bạn có đẹp hay không? Nếu bạn chọn một bộ trang phục có màu sắc hài hòa, khi chụp ảnh các màu sẽ kết hợp lại nhìn rất đẹp mắt. Ngược lại, khi trang phục quá cầu kỳ, không phù hợp với hoàn cảnh xung quanh thì tổng thể trông rất rối mắt.\r\n</p>\r\n<h5>3.1 Chụp hình view quán café</h5>\r\n<p>\r\n  Áo thun phối cùng quần jeans/quần tây luôn là xu hướng thời trang chưa bao giời lỗi thời. Ưu điểm của cách mix đồ tạo dáng chụp ảnh nam này sẽ giúp bạn trông năng động, trẻ trung và tràn đầy năng lượng. Một số phụ kiện đi kèm như kính mắt, mũ, … hay một chiếc túi tote cùng tông màu trung tính là điều cần thiết giúp bạn có thêm đồ vật để tương tác trong lúc pose dáng, đặc biệt là khi bạn không biết tạo kiểu thế nào. Mặc dù mặc áo thun nhưng bạn vẫn muốn trông thật lịch thiệp và cool ngầu thì phải ghi nhớ điều này: dù lười đến đâu cũng không mang dép bước vào quán café. Giày và tất lúc này chính là “King&Queen” trong bộ trang phục của bạn.\r\n</p>\r\n<p>Áo thun và áo sơ mi là hai món đồ luôn có mặt trong tủ đồ của hầu hết nam giới bởi sự linh hoạt trong mọi trường hợp, hoàn cảnh. Và để tạo dáng chụp ảnh nam đậm chất riêng hãy ứng dụng ngay set đồ áo sơ mi và quần tây màu trầm. Một chiếc áo sơ mi tông màu trung tính hoặc kẻ sọc không quá cầu kỳ kết hợp với quần tây giúp nổi bật vẻ ngoài sang trọng, lịch lãm của bạn. Nếu thời tiết lạnh hơn, hãy kết hợp thêm áo gile hoặc vest cùng màu quần, đùng chuẩn “hoàng tử mùa Đông” trong lòng các chị em rồi! Bên cạnh đó, các bạn nam có thể biến hóa mình thành chàng trai tri thức bằng chiếc mắt kính nhỏ gọn, đồng hồ đeo tay kết hợp với đôi giày dáng cổ điển. Tạo dáng là bạn sẽ có ngay những bức ảnh đẹp trai hết nấc rồi đấy. Áo thun và yếm đậm chất Hàn Quốc Tin rằng, cho đến thời điểm này, nhiều anh chàng vẫn còn nghĩ yếm chỉ dành cho các bạn nữ. Nhưng đây là quan điểm hoàn toàn sai lầm nhé. Nếu bạn muốn tạo dáng chụp ảnh như mẫu nam Hàn Quốc thì phải thử ngay combo áo thun và yếm đậm chất Hàn xẻng này. Một chiếc áo thun đơn giản phối cùng yếm là sự kết hợp cực bắt trend và đậm chất street style của các anh càng Xứ sở kim chi. Nhớ đội thêm một chiếc mũ có màu sắc ton-sur-ton với oufit và kiểu thả dáng với nét diễn nghịch ngợm, tự nhiên như đang đi dạo sẽ tạo ra những shoot ảnh xịn xò chuẩn thần thái.</p>\r\n<h5>3.2 Chụp hình ở biển</h5>\r\n<p>Áo sơ mi họa tiết “tropical” phối quần short trẻ trung Áo sơ mi họa tiết nhiệt đới bắt mắt phối cùng chiếc quần short là sự kết hợp hoàn hảo giúp bạn thu hút mọi ánh nhìn giữa không gian biển mơ mộng. Đặc biệt, việc cài hờ hững một vài chiếc nút để lộ phần cơ thể săn chắc sẽ khiến bạn trở nên cuốn hút hơn bao giờ hết. Phối layer áo thun trơn/tanktop với áo sơ mi họa tiết và quần short Biến hóa một chút cho set đồ với áo sơ mi họa tiết, bạn có thể phối áo thun trơn hoặc tanktop (áo ba lỗ) bên trong. Một chiếc quần short ngắn dạng vải hoặc thun sẽ giúp bạn vừa thoải mái đi dạo trên biển vừa có thể chạy xuống tắm biển và tham gia các hoạt động dưới nước bất kỳ lúc nào. Còn nếu có ý định ra biển để tạo dáng chụp ảnh nam thì hãy chọn quần short chất liệu kaki hoặc jeans và đi cùng giày thể thao. Một sự phối hợp tuyệt vời làm nổi bật phong cách năng động, trẻ trung trong tính cách của bạn. Áo polo tôn body kết hợp cùng quần short thanh lịch Áo polocũng là item “quốc dân”, phù hợp với nhiều không gian khác nhau. Kết hợp áo polo cùng quần short giúp tôn lên cơ bắp săn chắc và body đầy thu hút của bạn. Tô điểm cho bộ trang phục với chiếc kình râm cực chất cùng kiểu pose dáng vờ như nhìn sang hướng khác. Tất cả tạo nên diện mạo đậm chất menly và lịch lãm.</p>\r\n<h5>3.3 Một số oufit chụp ảnh cho nam khác</h5>\r\n<p>Áo thun/Sweater/… phối quần kaki/quần jeans Đây là công thức phối đồ phù hợp với bất kỳ không gian nào từ quán café, ngoài đường đến núi rừng, … Kết hợp chiếc áo thun cùng quần kaki hay quần jeans sẽ khiến oufit của bạn trông đơn giản mà không kém phần phong cách. Thử áp dụng outfit tạo dáng chụp ảnh nam này xem có thật sự hiệu quả không nhé. Nếu bạn cảm thấy bộ trang phục còn đơn điệu, phụ kiện chính là “vũ khí” lợi hại. Các chàng đừng bỏ qua việc phối thêm các món phụ kiện như mũ lưỡi trai, đồng hồ, mắt kính, …, khi đó trông bạn sẽ cuốn hút và thời thượng hơn nhiều đấy. Áo thun/Áo sơ mi với quần short Áo thun và quần short đã là sự phối hợp kinh điển mà bất kỳ chàng trai nào cũng yêu thích. Còn với áo sơ mi cùng quần short sẽ dành cho các anh chàng đang tìm kiếm trang phục tạo dáng chụp ảnh như mẫu nam Hàn Quốc. Đây là cách phối đồ đẹp-độc-lạ mới nổi trong những năm gần đây. Bởi trước đó, hầu như áo sơ mi chỉ đi cùng quần dài.</p>\r\n<p>Tuy nhiên, phong cách này sẽ phù hợp hơn với những chàng trai độ tuổi đôi mươi. Mix layer cùng áo dạ dáng dài Xu hướng phối đồ nhiều lớp ngày càng trở thành phong cách mà nhiều người theo đuổi. Với kiểu mix đồ này, bạn có thể tận dụng được gần hết những item cơ bản có trong tủ đồ như áo thun, áo sơ mi, áo len cao cổ, blazer hay mangto, … Nếu bạn chuẩn bị có một bộ ảnh chụp ngoại cảnh thì đừng bỏ qua cách phối đồ layer này. Bắt đầu với áo thun và áo sơ mi cài hờ phần cúc áo để tạo điểm nhấn. Cuối cùng khoác bên ngoài là chiếc áo mangto dài cùng màu với quần. Thật phong trần và lãng tử phải không các chàng trai? Để phối vest nam, giày là phụ kiện quan trọng bậc nhất. An toàn nhất là những đôi giày tây nâu sậm hay đỏ burgundy, họa tiết broguing trở nên tuyệt vời vô cùng với suit nam. Bên cạnh đó, bạn có thể lựa chọn một số kiểu giày tây như Oxford, Boots, Boat Shoes, … Còn với những ai thích phong cách casual thì những đôi sneakers thấp cổ với tất tàng hình đang là xu hướng rất được yêu thích hiện nay.</p>\r\n', 'https://mcdn.coolmate.me/uploads/January2022/tao-dang-chup-anh-nam-86.jpg'),
(4, 'Top 10+ mẫu quần short nam túi hộp đậm chất dân chơi', 'ADMIN', '2023-04-03', 'Bạn đã biết đâu là những mẫu quần short nam túi hộp chất nhất chưa? Hãy cùng tìm hiểu ngay trong bài viết về 10+ mẫu quần trong bài viết dưới đây nhé!', '<p>Mỗi khi đến mùa hè nóng bức, những chiếc quần short luôn được các chàng trai đặc biệt yêu thích nhờ cảm giác thoáng mát, thoải mái mà chúng mang lại. Nếu như bạn thấy chiếc quần thun quá nhàm chán thì hãy thử chuyển qua mẫu quần short nam túi hộp đậm chất dân chơi để thay đổi phong cách xem sao nhé! Vậy bạn đã biết đâu là những mẫu quần short nam túi hộp chất nhất chưa? Hãy cùng hiểu ngay trong bài viết về 10+ mẫu quần trong bài viết dưới đây nhé!\r\n</p>\r\n<h4>1. Quần short nam phối túi hộp Loose-fit CANDLES UTILITY cao cấp</h4>\r\n<p>\r\nMẫu quần này đến từ local brand của Việt Nam là CANDLES. Được làm từ chất liệu nilon Ripstop nên quần có khả năng chống nước cao, nhanh chóng khô sau khi bị ướt. Điểm nhấn của chiếc quần short nam phối túi hộp này là chính là chi tiết hình in logo thương hiệu trên túi quần. Ngoài ra thì quần có hai màu đen và vàng cát rất dễ phối đồ. Khi cầm chiếc quần trên tay, khách hàng có thể thấy được sự chỉn chu trong từng chi tiết nhỏ của thương hiệu. Đường kim mũi chỉ được may rất cẩn thận nên không có chỉ thừa, không có xơ vải, chất vải khi chạm vào rất mịn màng và nịnh tay.\r\n</p>\r\n<h4>2. Quần short nam túi hộp ROUGH phong cách Hàn Quốc</h4>\r\n<p>\r\nQuần short kaki là một trong những item không thể thiếu mà các bạn nam nên sắm ít nhất một chiếc trong tủ đồ. Mẫu quần này đến từ thương hiệu ROUGH được làm từ chất liệu kaki cao cấp, dày dặn giúp quần lên form đẹp nhất nhưng vẫn có độ co giãn nhẹ nên bạn có thể thoải mái hoạt động mà không sợ gò bó, khó chịu.\r\n</p>\r\n<h4>3. Quần Short nam túi hộp cao cấp Ninety Eight - Cargo Short</h4>\r\n<p>\r\nNếu bạn đang tìm kiếm một chiếc quần short nam túi hộp theo phong cách thể thao khỏe khoắn, năng động nhưng vẫn phải thời trang, đậm chất dân chơi thì mẫu quần cargo short đến từ thương hiệu Ninety Eight chính là sự lựa chọn tuyệt vời. Được làm từ chất liệu vải kaki dày dặn, chiếc quần này lên form siêu chuẩn nhưng vẫn có độ co giãn để bạn thoải mái hoạt động hay chơi thể thao.\r\n</p>\r\n<h4>4. Quần short túi hộp nam thể thao form rộng Clownz Parachute</h4>\r\n<p>\r\nClownZ là local brand đã quá quen thuộc với các bạn trẻ Việt Nam. Mẫu quần short túi hộp nam Parachute này được thiết kế theo phong cách Punk Rock với điểm nhấn 3 khuôn mặt cười kết hợp với text ClownZ ở mặt trước. Còn mặt sau thì được in logo dạng tròn hiệu ứng xước trông rất độc đáo.\r\n</p>\r\n<h4>5. Quần short nam ống rộng túi hộp DREW</h4>\r\n<p>\r\n  Quần short nam ống rộng túi hộp DREW với phong cách trẻ trung, năng động. Thiết kế này được làm từ chất vải thun da cá mang lại cảm giác thoải mái, mát mẻ cho người mặc nhưng vẫn đủ dày dặn để quần được lên form đẹp nhất. Bên cạnh chất liệu vải, shop cũng rất tỉ mỉ và cẩn thận trong các chi tiết nhỏ như đường may. Bên cạnh phần túi hộp ở hai bên ống quần, chiếc quần còn có điểm nhấn ở hình in mặt cười ở phần túi.\r\n</p>\r\n<h4>6. Quần shorts The Bad God Boxfull</h4>\r\n<p>Có lẽ các bạn trẻ đã quá quen thuộc với cái tên The Bad God - thương hiệu thời trang Việt Nam dẫn đầu phong cách thời trang đường phố. Mẫu quần short túi hộp nam này được làm từ chất liệu vải 100% kaki vô cùng dày dặn nhưng vẫn thoáng mát. Từng đường kim mũi chỉ được gia công cẩn thận, tỉ mỉ. Ngoài ra, với thiết kế trẻ trung, hiện đại, chiếc quần short túi hộp này của The Bad God rất dễ phối, phù hợp khi đi chơi và hoạt động ngoài trời.</p>\r\n<h4>7. Quần đùi Leninn Combat Cargo</h4>\r\n<p>Mẫu quần combat cargo này của leninn được làm từ ba chất liệu vải đen may chồng lên nhau, phần hông có hai khóa rút linh hoạt để các bạn có thể tùy chỉnh theo kích cỡ cơ thể mình. Phần túi chìm ở mặt trước quần không chỉ giúp tăng công năng sử dụng cho người mặc mà còn tạo điểm nhấn giúp thiết kế bớt nhàm chán. Nếu bạn lo lắng về tình trạng quần sẽ bị co lại sau khi giặt thì cứ hoàn toàn yên tâm khi sử dụng sản phẩm này bởi sau khi hoàn thiện, chúng đã được giặt enzyme để hạn chế hiện tượng phai màu hay co ngót sợi vải.</p>\r\n<h4>8. Quần Short Nam túi hộp Kaki Flip Pocket Snazzy</h4>\r\n<p>Chiếc quần short nam ống rộng đến từ thương hiệu Snazzy được làm từ chất liệu vải kaki dày dặn, đảm bảo không bị mất form sau nhiều lần giặt. Về thiết kế, quần đã được xử lý qua quá trình Acid Wash nhẹ nhàng để có thể làm nổi bật các hiệu ứng loang mờ của các đường vân vải, tạo cảm giác bụi bặm.</p>\r\n<h4>9. Quần short nam túi hộp P24 PEACEOUT STUDIOS Túi Hộp</h4>\r\n<p>Vào mùa hè, chiếc quần short túi hộp luôn là item được cánh mày râu ưu ái. Mẫu quần short nam túi hộp này được làm từ chất liệu thun lạnh nên chắc chắn sẽ mang lại cho người mặc cảm giác thoáng mát, dễ chịu và thoải mái vận động, hoạt động thể thao mà không sợ gò bó hay khó chịu.</p>\r\n<h4>10. Quần short nam túi hộp cao cấp FNOS SCR5</h4>\r\n<p>Quần short nam túi hộp của thương hiệu Fnos được làm từ chất vải poly có độ bền cao, co giãn tốt; đồng thời, quần được may theo form relaxed - fit rộng rãi nên các chàng trai có thể thoải mái hoạt động. Hơn nữa, chiếc quần cũng được gia công tỉ mỉ đến từng đường kim mũi chỉ nên chắc chắn sẽ làm hài lòng những khách hàng khó tính nhất.</p>\r\n<h4>11. Quần Short nam túi hộp denim ống rộng</h4>\r\n<p>Nếu bạn đang tìm kiếm một item mang phong cách streetwear bụi bặm, thời thường thì chiếc quần short nam túi hộp denim này sẽ là sự lựa chọn hoàn hảo. Chiếc quần được làm bằng chất liệu vải denim dày dặn, chắc chắn và được tạo điểm nhấn bằng hai phần túi hộp ở ống quần.</p>\r\n<h4>12. Quần Short nam túi hộp SAIGONESE</h4>\r\n<p>Chiếc quần short nam túi hộp của thương hiệu SAIGONESE là một trong những item mà các bạn nam không nên bỏ qua trong mùa hè này. Được làm từ chất liệu kaki cotton cao cấp, chiếc quần dày dặn với form dáng basic, rộng rãi và thoải mái nhưng vẫn có độ co giãn nhất định, phù hợp phối đồ từ đi chơi, đi dạo phố cho đến đi làm.</p>\r\n', 'https://media.coolmate.me/cdn-cgi/image/width=550,height=623,quality=80,format=auto/uploads/March2023/Screenshot_2023-03-30_153911.png'),
(5, 'Top 11 áo hoodie local brand tím siêu đẹp cho chàng thoả sức lựa chọn', 'ADMIN', '2023-04-10', 'Những chiếc áo hoodie tím local brand nổi bật tạo nên những bộ outfit với phong cách thời trang trẻ trung, cá tính và năng động được rất nhiều bạn trẻ lựa chọn. Và nếu bạn cũng đang tìm kiếm cho mình những chiếc áo hoodie local brand tím cực chất thì không nên bỏ qua bài viết này, vì ngay sau đây Coolmate sẽ giới thiệu đến bạn top 11 áo hoodie local brand có gam tím nổi bật dành cho nam cực hot hiện nay.', '<p>Những chiếc áo hoodie tím local brand nổi bật tạo nên những bộ outfit với phong cách thời trang trẻ trung, cá tính và năng động được rất nhiều bạn trẻ lựa chọn. Và nếu bạn cũng đang tìm kiếm cho mình những chiếc áo hoodie local brand tím cực chất thì không nên bỏ qua bài viết này, vì ngay sau đây sẽ giới thiệu đến bạn top 11 áo hoodie local brand có gam tím nổi bật dành cho nam cực hot hiện nay.\r\n</p>\r\n<h4>1. Áo Hoodie tím local brand SWE - BASIC ZIP HOODIE</h4>\r\n<p>\r\nSWE là thương hiệu thời trang local được thành lập năm 2017, nhưng thương hiệu này đã cho mọi người thấy được sự thành công của mình khi đến hiện tại đã có một chỗ đứng vững chắc trên thị trường thời trang. Với sứ mệnh mang phong cách thời trang Streetwear đến gần hơn với các bạn trẻ, SWE đã tung ra thị trường các mẫu áo thiết kế Artwork độc đáo và ấn tượng trên nhiều loại trang phục như T- balance shirt, Hoodie, Jacket, Sweater, … Trong đó những sản phẩm áo hoodie của local brand SWE đã cho mọi người thấy được sự đa dạng về mẫu mã, họa tiết thiết kế trên áo hoodie. Phong cách của các sản phẩm tại đây có cả từ phong cách basic cho đến những sản phẩm với thiết kế sặc sỡ nhiều màu sắc, đủ để bạn thoải mái lựa chọn. Trong đó mẫu áo hoodie tím Basic Zip Hoodie tuy thiết kế đơn giản nhưng lại có màu sắc vô cùng nổi bật và ấn tượng. Cùng với đó, form áo khá dày dặn, chất vải xịn sò được SWE đảm bảo đã cho thấy thương hiệu này thực sự chỉn chu để tạo nên những items chất lượng, mang đến sự thoải mái cho người mặc.\r\n</p>\r\n<h4>2. Hoodie local brand Tobi Streetwear</h4>\r\n<p>\r\nRa mắt từ năm 2011, Tobi Streetwear là thương hiệu thời trang local brand dành cho những người trẻ yêu thích phong cách thời trang đường phố. Từ thiết kế sản phẩm đến hình ảnh của thương hiệu đều được gói gọn trong 3 từ chính là “ Peace – Balance – Harmony”. Đây cũng chính là cảm hứng và thông điệp mà Tobi muốn truyền tải xuyên suốt các bộ sưu tập của mình. Áo Hoodie local brand của nhà Tobi khá đa dạng về thiết kế, từ phong cách tối giản, đơn sắc cho đến màu sắc sặc sỡ. Trong đó phải kể đến những mẫu áo hoodie tím toát lên sự tươi sáng, trẻ trung, năng động và đầy sức sống, rất phù hợp với giới, đặc biệt là những chàng trai đam mê phong cách Streetwear tươi trẻ, năng động.\r\n</p>\r\n<h4>3. Hoodie tím local brand của thương hiệu Degrey</h4>\r\n<p>\r\nDegrey gia nhập vào thị trường thời trang Streetwear từ năm 2016. Tuy vậy, thương hiệu thời trang local này đã được biết đến qua những mẫu áo thiết kế kết hợp giữa phong cách hiện đại, độc đáo và chất liệu dân tộc cổ truyền như tơ tằm, gấm,… Chính sự kết hợp tưởng như đối nghịch này lại tạo nên một thương hiệu local brand Degrey không thể nhầm lẫn với bất cứ thương hiệu thời trang nào. Những mẫu áo Hoodie local brand Degrey cực kỳ đa dạng về thiết kế. Và đối với những chàng trai yêu thích hoodie tím local brand trơn hay loang màu thì đừng nên bỏ qua những mẫu áo hoodie nổi bật của thương hiệu này. Những mẫu áo hoodie của Degrey vừa sáng tạo, độc đáo lại vừa đủ tinh tế, mang đến sự trẻ trung, cá tính, năng động và đậm phong cách đặc trưng của Streetwear.\r\n</p>\r\n<h4>4. Áo Hoodie Marcelo Burlon Cross Regular Hoodie</h4>\r\n<p>\r\nÁo Hoodie Marcelo Burlon Cross Regular Hoodie với tông màu tím pastel của thương hiệu thời trang Marcelo Burlon nổi tiếng. Mẫu này là một trong những sản phẩm hiện đang nhận được nhiều sự quan tâm và yêu thích của giới trẻ bởi thiết kế đầy trẻ trung, năng động. Áo Hoodie Marcelo Burlon Cross Regular Hoodie mang màu tím pastel đơn sắc đơn giản, điểm nhấn là phần logo thương hiệu được thêu tay trên ngực áo. Áo có thể dễ dàng kết hợp với các items thời trang khác nhau tùy vào sở thích của mỗi người. Ngoài ra, mẫu áo hoodie này còn được yêu thích bởi đây là mẫu áo thời trang khá sang trọng dành cho những anh chàng yêu thích sự đơn giản, nhưng cũng không kém phần nổi bật và nam tính. Mẫu áo này phù hợp để các chàng trai diện đi dạo phố, du lịch hoặc đi chơi cùng bạn bè, người yêu. Hoặc bạn cũng có thể mua áo Hoodie Marcelo Burlon Cross Regular Hoodie để làm quà tặng cho bạn bè hoặc người thân của mình nhé.\r\n</p>\r\n<h4>5. Áo hoodie tím local brand của Davies</h4>\r\n<p>\r\nĐược biết đến như một thương hiệu thời trang local có chỗ đứng vững chắc tại Thành phố Đà Nẵng, Davies đã tạo ra một nguồn năng lượng tươi trẻ mới dựa trên triết lí “Unique – that we want you to be”. Theo đó, thương hiệu đã định hướng phải luôn đi đầu trong xu hướng thời trang giúp khách hàng của mình có thể làm chủ cuộc chơi. Đồng thời, thương hiệu thời trang local này cũng mang đến cho các bạn trẻ những “siêu phẩm” đột phá, áp dụng quy trình sản xuất tiên tiến với chất liệu nguyên bản trong mỗi sản phẩm. Áo hoodie của Davies chủ yếu tập trung vào phong cách đơn giản, cá tính với các mẫu thiết kế Artwork ấn tượng. Davies đặc biệt phù hợp với những chàng trai yêu thích sắc màu nổi loạn, ấn tượng và những hình in độc đáo. Một số mẫu Hoodies khác thì Davies lại đề cao sự đơn giản nhưng đầy tinh tế, nhưng vẫn đảm bảo được sự trẻ trung, năng động của phong cách streetwear mà các bạn đang theo đuổi.\r\n</p>\r\n<h4>6. Hoodie tím local brand chất lượng DKMV</h4>\r\n<p>DKMV được biết đến là một thương hiệu thời trang Local Brand dành cho các bạn trẻ cá tính. Nổi bật với những sản phẩm được lấy cảm hứng thiết kế từ Chú cá tinh nghịch không thích bị trêu chọc, DKMV đã thành công tạo nên những sản phẩm giúp người mặc thể hiện cái tôi, sự cá tính và một chút nổi loạn. Cùng với đó, thương hiệu thời trang này luôn tìm kiếm và hoàn thiện những sản phẩm, phong cách của mình từng ngày, nhằm mang đến những sản phẩm thời trang được chỉn chu về mặt chất lượng cũng như mẫu thiết kế. Mẫu áo Hoodie tím local brand dễ thương của DKMV chắc chắn sẽ làm xiêu lòng bất kì ai sở hữu nó. Bởi thiết kế rất dễ thương, năng động, cá tính nhưng vẫn giữ lại sự nam tính vốn có của các chàng trai. Khoác lên mình những chiếc áo hoodie trẻ trung và cá tính nhà DKMV, chắc chắn các bạn cũng sẽ tăng sự tự tin và năng động hơn rất nhiều.</p>\r\n<h4>7. Áo hoodie tím local brand Reminder</h4>\r\n<p>Local brand Reminder là thương hiệu thời trang được rất nhiều bạn trẻ TP.HCM yêu thích. Định hướng của Reminder cũng theo phong cách thời trang năng động, cá tính đậm chất Streetwear, vậy nên thương hiệu này đã ghi điểm với khách hàng của mình bằng các sản phẩm được đầu tư chỉn chu từ chất liệu, thiết kế đến khâu sản xuất. Nổi bật với những Graphic độc đáo cũng như sự đa dạng về sản phẩm, các sản phẩm của Reminder hứa hẹn mang đến những trải nghiệm thú vị, mới mẻ cho các tín đồ thời trang. Các mẫu áo hoodie tím của thương hiệu Reminder có màu sắc khá trầm tuy nhiên lại được kết hợp với những thiết kế Artwork độc đáo giúp những mẫu áo này cực kỳ nổi bật. Các sản phẩm tại đây đều sở hữu form dáng cực chuẩn cùng với đó là chất vải dày dặn, dằm tay, chắc chắn sẽ thu hút bạn ngay từ ánh nhìn đầu tiên. Thực sự có quá nhiều điểm sáng khi nói đến những mẫu áo hoodie tím của Reminder mà các cạ cứng của phong cách Streetwear không nên bỏ qua.</p>\r\n<h4>8. Áo hoodie tím của Local brand Bad habits</h4>\r\n<p>Được sáng lập vào năm 2017, Bad Habits giờ đây đã trở thành một trong những local brand có chỗ đứng vững vàng trong làng Streetwear Việt Nam. Ngoài việc hướng đến mục tiêu cung cấp những sản phẩm thời trang chất lượng, thương hiệu còn truyền tải những thông điệp ý nghĩa qua mỗi sản phẩm của mình. Khi đến với Bad Habits bạn sẽ có thể tìm thấy cho mình những mẫu áo hoodie local brand tím cực ngầu với hoạ tiết to bản ấn tượng.</p>\r\n<h4>9. Áo hoodie tím Local brand 5theway</h4>\r\n<p>Một thương hiệu local brand không thể bỏ qua khi nhắc đến những mẫu áo Hoodie Local brand gam màu tím ấn tượng đó chính là 5theway. Những chiếc áo hoodie với thiết kế đơn giản nhưng lại mang những điểm đặc trưng của \"Hiphop style\", 5theway chính là thương hiệu thời trang local lý tưởng cho những chàng trai đang theo đuổi phong cách thời trang \"chất chơi\".</p>\r\n<h4>10. Áo hoodie tím Local brand BLVCK</h4>\r\n<p>BLVCK là một thương hiệu hoodie local brand được thành lập vào năm 2011. Ra mắt vào thời điểm mà dark wear style đang trở thành xu hướng ăn mặc của giới trẻ, BLVCK đã trở thành thương hiệu thời trang được giới trẻ rất ưa chuộng. Luôn không ngừng phát triển, cập nhật và thiết kế những sản phẩm thời trang phù hợp với cả hai phong cách nổi loạn và tối giản, BLVCK đã giúp khách hàng của mình có thêm nhiều sự lựa chọn cho những bộ outfit của mình.</p>\r\n<h4>11. Áo hoodie Local brand tím của Now Sài Gòn</h4>\r\n<p>Các sản phẩm thời trang của Now Sài Gòn luôn mang đến cho các khách hàng của mình một trải nghiệm khác biệt với chất liệu vải vô cùng cao cấp, thông thoáng và công nghệ in hiện đại. Chính những điều này đã giúp thương hiệu Now Sài Gòn trở thành lựa chọn hàng đầu cho các bạn trẻ yêu thích phong cách thời trang đường phố. Luôn luôn liên tục cập nhật các mẫu thiết kế có tính ứng dụng cao, nên các sản phẩm của Now Sài Gòn luôn có những hình ảnh đầy chất \"nghệ\", in đậm dấu ấn đặc trưng của Now trên thị trường thời trang.</p>\r\n<br>\r\n<p>Mong rằng với những chia sẻ ở trên sẽ giúp bạn tìm được những chiếc hoodie màu tím ưng ý để update tủ đồ và kiến tạo phong cách bản thân nhé. Đừng quên theo dõi để cập nhật những xu hướng và phong cách thời trang mới nhất nhé!</p>\r\n', 'https://media.coolmate.me/cdn-cgi/image/width=550,height=623,quality=80,format=auto/uploads/March2023/1_42.jpg');
INSERT INTO `news` (`news_id`, `name`, `author`, `date_modified`, `summary`, `content`, `thumbnail`) VALUES
(8, 'Chạy bộ có giảm cân không ? Lịch chạy bộ giảm cân trong 1 tuần', 'ADMIN', '2023-04-19', 'Chạy bộ đốt mỡ thừa là một biện pháp giúp bạn có thể phòng ngừa được nhiều bệnh lý như đau tim, đột quỵ, ung thư,.... Vậy liệu rằng nó có giúp cho bạn giảm cân hiệu quả được hay không? Để giải đáp điều này, hãy cùng Coolmate tìm hiểu liệu chạy bộ có giảm cân hay không? Lịch chạy bộ giảm cân trong vòng 01 tuần ngay dưới đây nhé!', '<h4>Chạy bộ có giảm cân không?</h4> <p>Chạy bộ là một trong những phương pháp hiệu quả, quan trọng nhất để có thể đốt cháy nhiều calo, mỡ thừa đồng thời giúp cho người tập có được nền tảng thể lực tốt. Nếu như bạn muốn lấy lại vóc dáng thon gọn và săn chắc thì ngoài chế độ dinh dưỡng khoa học bạn nên chạy bộ hoặc tập gym, tập tạ,...</p> <p>Vậy bạn đã bao giờ thắc mắc chạy bộ có giảm cân hay đốt cháy bao nhiêu calo hay không? Trên thực tế, lượng calo mà cơ thể tiêu hao sẽ phụ thuộc vào tốc độ chạy cũng như trọng lượng trên cơ thể của người tập luyện. Cụ thể, nếu như bạn là người tập chạy với tốc độ trung bình khoảng 6.5km/giờ thì:</p> <ul><li>Nếu bạn nặng 60kg thì sẽ giải phóng được 4.7 calo/ 1 phút.</li> <li>Nếu bạn nặng 70kg sẽ giải phóng được 5.5 calo/ 1 phút.</li> <li>Nếu bạn nặng 80kg sẽ giải phóng được 6.3 calo/ 1 phút.</li> <li>Nếu bạn nặng 90kg thì sẽ giải phóng được 7.1 calo/ 1 phút.</li></ul> <p>Theo như một số nghiên cứu cũng chỉ ra rằng, đối với người có trọng lượng trung bình và chạy với vận tốc trung bình ở địa hình bằng phẳng thì bạn có thể tiêu hao 145 - 150 calo. Còn nếu như bạn chạy lên dốc hoặc leo cầu thang thì lượng calo đốt cháy sẽ cao hơn, có thể lên tới 500 calo trong khoảng nửa tiếng đồng hồ.</p> <p>Cứ thực hiện liên tục như vậy, theo như tính toán, bạn sẽ cắt giảm được khoảng 500 calo/ ngày nhờ vào việc chạy bộ kết hợp với điều chỉnh chế độ ăn uống hợp lý (tương đương 3500 calo/tuần) thì bạn sẽ giảm được 0.5kg/ tuần. Duy trì chế độ tập và ăn uống như vậy, chắc chắn bạn sẽ giảm được khoảng 2kg/ tháng. Đây hoàn toàn là mức giảm cân vô cùng hợp lý, không gây ra nhiều tác động tiêu cực cho sức khỏe của bản thân.&nbsp;</p> <p>Một số lợi ích khi bạn chạy bộ buổi sáng:</p> <ul><li><p>Cải thiện và tăng cường sức đề kháng tốt cho cơ thể.</p></li> <li><p>Tạo nên một thói quen lành mạnh để giảm thiểu bệnh tật và nâng cao tuổi thọ.</p></li> <li><p>Cải thiện tinh thần để tái tạo năng lượng tích cực cho ngày mới làm việc và học tập.</p></li> <li><p>Hỗ trợ việc giảm cân hiệu quả, cải thiện chiều cao và chức năng sinh lý.</p></li></ul> <h4>Một số bài tập chạy bộ giúp giảm cân hiệu quả trong 1 tuần</h4> <h5>1. Chạy nước rút</h5> <p>Bài tập chạy nước rút mang đến hiệu quả giảm cân vô cùng nhanh chóng. Bài tập này giúp bạn có thể đốt cháy mỡ thừa ngay cả khi bạn ngừng tập. Theo như các bài nghiên cứu, khi bạn chạy với tốc độ quá cao thì quá trình oxy hóa chất béo diễn ra vô cùng nhanh, giúp tiêu hao khoảng 5 calo/ phút. Bản chất của bài tập chạy nước rút này là HITT cường độ cao, giúp cơ thể đốt cháy được mỡ hiệu quả nhất.</p> <p>Bạn có thể thực hiện các bài tập chạy nước rút ngay trên đoạn đường dốc hay tập với máy chạy bộ. Tuy vào điều kiện và bạn chọn chạy ở đâu cho phù hợp nhất.</p> <p>Lúc đầu khi chuẩn bị chạy, bạn cần khởi động cơ thể. Bạn sẽ chạy 10 phút ở tốc độ nhẹ nhàng. Tiếp theo đến là tiến hành chạy nước rút lên dốc bằng toàn bộ sức lực trong khoảng 30s và từ từ giảm độ dốc xuống mức 0% trong 02 phút. Tùy vào thể trạng cơ thể để có thể thực hiện chạy nước rút theo số lần tương ứng. Đến cuối cùng, hãy kết thúc bài tập bằng cách chạy nhẹ nhàng trong khoảng 10 phút.</p> <h5>2. Bài tập luyện đốt cháy mỡ thừa</h5> <p>Việc hiểu rõ về các bài tập luyện cũng sẽ giúp cho bạn có thể xây dựng được lịch chạy bộ giảm cân trong 01 tuần vô cùng hợp lý. Trong đó, bài tập đốt cháy mỡ thừa sẽ có thể hỗ trợ chuyển hóa mỡ thừa trong cơ thể thành năng lượng khi nhịp tim ở mức tối đa.</p> <p>Như thông thường, con người khi ở trạng thái bình thường sẽ có nhịp tim dao động trong khoảng 60-80 nhịp/phút. Khi luyện tập thể thao thì nhịp tim tăng cao để máu có thể cung cấp đủ oxy cho cơ thể.</p> <p>Do đó, để có thể đốt cháy calo giúp giảm cân, bạn cần chạy bộ để nhịp tim đạt mức tối đa 114 - 130 nhịp/phút. Tuy nhiên, để có thể giảm cân hiệu quả không cần phải chạy với tốc độ quá nhanh, hãy duy trì để nhịp tim ổn định ở mức 90 nhịp/phút.</p> <p>Bạn có thể xác định được nhịp tim chuẩn xác thông qua tính năng của máy chạy bộ cũng như sử dụng các thiết bị đo nhịp tim khi chạy bộ ngoài trời như vòng tay thông minh hoặc đồng hồ thể thao thông minh. Đây là bài tập chạy bộ đốt cháy mỡ thừa cực tốt giúp giảm cân hiệu quả.</p> <h5>3. Bài tập luyện tăng sức mạnh</h5> <p>Bên cạnh việc áp dụng lịch trình chạy bộ, bạn cần kết hợp cả bài tập sức mạnh để cơ bắp được săn chắc hơn. Ngoài ra, bạn cũng cần đan xen các bài tập chạy nhẹ nhàng với nhau để có thể tăng được hiệu quả của quá trình giảm cân.</p> <p>Có rất nhiều bài tập có thể tăng được sức mạnh. Ví dụ như bạn có thể tập với tạ, máy hay dây kháng lực,... Những bài tập này sẽ giúp cho bạn rèn luyện được sức bền. Ngoài ra, chúng cũng sẽ giúp cho bạn có thể chạy bộ được lâu hơn, nhanh hơn và còn có thể làm cho cơ thể được săn chắc hơn.</p> \r\n<h4>Lịch chạy bộ giảm cân hiệu quả trong vòng 1 tuần</h4> <p>Để quá trình giảm cân của bạn diễn ra an toàn và hiệu quả nhất, bạn cần áp dụng một lịch trình chạy bộ khoa học nhất có thể. Bên cạnh đó, bạn cần kết hợp với chế độ dinh dưỡng hợp lý để có thể hỗ trợ cho cả quá trình giảm cân diễn ra hiệu quả hơn.</p> <p>Ngay dưới đây, chúng tôi sẽ giới thiệu đến bạn đọc lịch&nbsp; chạy bộ giảm cân được thực hiện trong vòng một tuần được các chuyên gia sức khỏe khuyến khích áp dụng:</p> <ul><li>Ngày thứ nhất: Thực hiện chạy chậm giúp đốt mỡ trong thời gian trong khoảng 30 phút.</li> <li>Ngày thứ 2: Tiến hành tập các bài tập sức mạnh ít nhất 15 phút.</li> <li>Ngày thứ 3: Tập bài tập chạy nước rút khoảng 6 lần.</li> <li>Ngày thứ 4: Bạn có thể nghỉ ngơi hoặc đi bộ nhẹ nhàng.</li> <li>Ngày thứ 5: Tập sức mạnh trong thời gian khoảng 30 phút.</li> <li>Ngày thứ 6: Tiến hành bài tập chạy đốt mỡ trong khoảng thời gian từ 45 phút cho đến 1 tiếng.</li> <li>Ngày cuối cùng: Bạn nên để cơ thể được nghỉ ngơi để phục hồi sức khỏe.</li></ul> <p>Lưu ý: Bạn cần tuân thủ tập luyện theo nguyên tắc xen kẽ. Sẽ có những ngày cơ thể bạn chạy với cường độ cao, tuy nhiên cũng sẽ có những ngày cần luyện tập sức bền và cần nghỉ ngơi để có thể hồi phục. Tuyệt đối không gò ép bản thân tập luyện trong một lịch trình quá cứng nhắc. Bởi, đây cũng sẽ là điều khiến bạn nhanh chóng bỏ cuộc.</p> <p>Tùy thuộc vào thể trạng cũng như chế độ dinh dưỡng của mỗi người áp dụng khác nhau, nên số cân nặng cũng sẽ giảm được khác nhau. Theo lịch trình chạy bộ một tuần vừa kể trên, để có thể đốt cháy ít nhất 200 calo mỗi ngày, bạn cần khoảng 45 phút để chạy bộ để giảm từ 1-2 kg trong một tuần. Hãy cố gắng kiên trì áp dụng lịch chạy bộ giảm cân trong một tháng để đạt được hiệu quả tốt nhất nhé!</p> <h4>Một số lưu ý quan trọng khi chạy bộ</h4> <p>Để có thể thu được hiệu quả giảm cân bền vững khi chạy bộ, bạn cần chú ý những điều sau đây:</p> <ul><li>Cung cấp đủ năng lượng khi chạy bộ để có đủ sức lực hoàn thành một bài tập. Đối với những người thường chạy bộ vào buổi sáng, nên nạp cho cơ thể một chút tinh bột, chất đạm và cà phê. Cà phê sẽ giúp cho bạn có thể tỉnh táo hơn để chạy được lâu và nhanh hơn.</li> <li>Người tập nên chọn cho mình một đôi giày chạy bộ vừa chân để cảm thấy thoải mái nhất khi chạy. Đặc biệt hơn nữa là bạn không nên đi giày quá chật vì có thể khiến cho chân của bạn bị trầy xước hoặc sưng tấy.</li> <li>Bạn nên khởi động trước khi chạy và giãn cơ sau khi chạy để tránh nguy cơ gặp chấn thương thể thao.</li> <li>Khi bắt đầu chạy, bạn nên chạy chậm để cơ thể có thể thích nghi dần rồi mới chuyển sang chạy nhanh hơn. Đến gần kết thúc buổi chạy, bạn cũng nên chạy chậm vì lúc này cơ thể đã xuống sức, nếu như vẫn cố gắng chạy nhanh thì bạn có thể dẫn đến co cơ hoặc bị kiệt sức.</li> <li>Lưu ý, nên chạy chậm và bền bỉ: Một nghiên cứu cho thấy, nếu như bạn muốn loại bỏ mỡ thừa khỏi cơ thể thì bạn cần tập luyện trong một khoảng thời gian dài. Còn nếu lựa chọn phương pháp chạy bộ giảm cân, bạn chỉ nên dành mỗi ngày từ 30 phút cho đến 1 tiếng để chạy. Bạn không cần chạy quá nhanh, chỉ cần duy trì ở tốc độ trung bình hoặc chậm, tạo cho mình một sức bền thật tốt chắc chắn sẽ có hiệu quả giảm cân lâu dài.</li> <li>Thay đổi địa hình trong khi chạy bộ để có thể tăng cường được thử thách và tăng thêm sức bền cho cơ thể.</li> <li>Bạn nên nâng cao gối khi chạy để có thể loại bỏ được vùng mỡ đùi và mỡ bụng một cách hiệu quả nhất.</li> <li>Bạn không nên chạy liên tục trong một đoạn đường dài mà nên nghỉ giữa đoạn để lấy sức. Tần suất hợp lý là chạy tầm 15 phút rồi đi bộ khoảng 05 phút rồi lại tiếp tục chạy tiếp 15 phút rồi nghỉ 05 phút,... cuối cùng hãy chạy chậm khoảng 10 phút rồi kết thúc buổi tập.</li> <li>Khi chạy bộ, bạn nên chỉ uống nước lọc để bổ sung thêm nước cho cơ thể, không nên dùng nhiều nước ngọt có gas hoặc các loại nước chứa nhiều đường, chất béo...</li> <li>Bạn cần duy trì được thói quen chạy bộ hàng ngày để có thể loại bỏ được mỡ thừa ra khỏi cơ thể và giúp phòng ngừa được nhiều bệnh lý khác nhau.</li> <li>Bạn nên kết hợp việc chạy bộ giảm mỡ cùng với một chế độ ăn uống hợp lý, khoa học nhất. Ăn ít tinh bột kết hợp cùng nhiều thịt trắng và rau xanh. Lưu ý, để quá trình giảm cân diễn ra thuận lợi, bạn hạn chế ăn tinh bột sau 7h tối nhé!</li> <li>Cuối cùng, hãy đi ngủ sớm để đảm bảo sức khỏe luôn ở trạng thái tốt nhất.</li></ul> <h4>Lời kết</h4> <p>Trên đây là những chia sẻ về việc chạy bộ có giảm cân hay không? Lịch chạy bộ giảm cân hiệu quả trong một tuần. Hy vọng rằng những thông tin này sẽ hữu ích đối với bạn đọc. Hãy theo dõi chúng tôi để biết thêm nhiều thông tin hay và bổ ích nhé!</p>', 'https://media.coolmate.me/cdn-cgi/image/width=550,height=623,quality=80,format=auto/uploads/April2023/5_42.jpg');

-- --------------------------------------------------------

--
-- Table structure for table `news_comment`
--

CREATE TABLE IF NOT EXISTS `news_comment` (
  `comment_id` int(11) NOT NULL AUTO_INCREMENT,
  `reply_id` int(11) NOT NULL DEFAULT 0,
  `content` varchar(1023) NOT NULL,
  `timestamp` date NOT NULL DEFAULT current_timestamp(),
  `news_id` int(11) NOT NULL,
  `user_id` int(11) NOT NULL,
  PRIMARY KEY (`comment_id`)
) ENGINE=InnoDB AUTO_INCREMENT=37 DEFAULT CHARSET=utf8mb4 COLLATE=utf8mb4_unicode_ci;

--
-- Dumping data for table `news_comment`
--

INSERT INTO `news_comment` (`comment_id`, `reply_id`, `content`, `timestamp`, `news_id`, `user_id`) VALUES
(1, 0, 'Bài viết rất ý nghĩa', '2023-04-18', 2, 10),
(2, 1, 'Đúng vậy', '2023-04-18', 2, 15),
(3, 0, 'Thả tym', '2023-04-18', 2, 4),
(4, 1, 'Thật sự rất có ích cho việc lựa chọn thời trang của tôi', '2023-04-18', 2, 7),
(6, 0, 'Ok', '2023-04-18', 2, 22),
(7, 0, 'abcdfe', '2023-04-18', 2, 22),
(8, 0, 'alo', '2023-04-18', 2, 22),
(9, 0, 'asasasasadasd', '2023-04-18', 2, 22),
(10, 3, 'Tha tym 2', '2023-04-18', 2, 22),
(11, 0, 'Mình rất thích mẫu áo số 3, rất phù hợp với cá tính của mình ^^', '2023-04-18', 5, 22),
(13, 0, 'Bài viết hay nhé', '2023-04-18', 4, 1),
(14, 3, 'Tha tym 3\n', '2023-04-18', 2, 21),
(16, 0, 'Bài viết hay quá', '2023-04-19', 5, 22),
(17, 16, 'Yeah', '2023-04-19', 5, 11),
(24, 0, 'Awesome!', '2023-04-19', 5, 1),
(25, 0, 'rfafdfasdf', '2023-04-19', 5, 1),
(26, 0, 'Tot', '2023-04-19', 1, 1),
(27, 26, 'Dung vay a', '2023-04-19', 1, 22),
(28, 0, 'Duoc', '2023-04-19', 8, 1),
(34, 9, 'abcdef', '2023-04-23', 2, 22),
(35, 0, 'okelas', '2023-04-23', 2, 22);

-- --------------------------------------------------------

--
-- Table structure for table `payment_info`
--

CREATE TABLE IF NOT EXISTS `payment_info` (
  `bill_id` int(11) NOT NULL AUTO_INCREMENT,
  `user_id` int(11) NOT NULL,
  `customer_name` varchar(250) NOT NULL,
  `customer_address` varchar(400) NOT NULL,
  `customer_email` varchar(100) DEFAULT NULL,
  `customer_phone` varchar(100) NOT NULL,
  `delivery_method` varchar(100) NOT NULL,
  `payment_method` varchar(100) NOT NULL,
  `total_price` double NOT NULL,
  `discount` double NOT NULL,
  `final_price` double NOT NULL,
  `status` varchar(127) NOT NULL,
  PRIMARY KEY (`bill_id`),
  KEY `user_id` (`user_id`)
) ENGINE=InnoDB AUTO_INCREMENT=4 DEFAULT CHARSET=utf8mb4 COLLATE=utf8mb4_general_ci;

--
-- Dumping data for table `payment_info`
--

INSERT INTO `payment_info` (`bill_id`, `user_id`, `customer_name`, `customer_address`, `customer_email`, `customer_phone`, `delivery_method`, `payment_method`, `total_price`, `discount`, `final_price`, `status`) VALUES
(1, 5, 'Nguyễn', '123 Xàm Xí', '', '0903456789', 'Chuyển phát nhanh tận nhà', 'Thanh toán khi nhận hàng', 569000, 0, 569000, 'Đang xử lí'),
(2, 5, 'Nguyễn', '123 Xàm Xí', '', '0903456789', 'Chuyển phát nhanh tận nhà', 'Thanh toán khi nhận hàng', 569000, 0, 569000, 'Đang xử lí'),
(3, 5, 'Nguyễn', '123 Xàm Xí', '', '0903456789', 'Chuyển phát nhanh tận nhà', 'Thanh toán khi nhận hàng', 569000, 0, 569000, 'Đang xử lí');

-- --------------------------------------------------------

--
-- Table structure for table `product_image`
--

CREATE TABLE IF NOT EXISTS `product_image` (
  `product_id` int(11) NOT NULL,
  `image_1` varchar(255) DEFAULT NULL,
  `image_2` varchar(255) DEFAULT NULL,
  `image_3` varchar(255) DEFAULT NULL,
  `image_4` varchar(255) DEFAULT NULL,
  `image_5` varchar(255) DEFAULT NULL,
  KEY `product_id` (`product_id`)
) ENGINE=InnoDB DEFAULT CHARSET=utf8mb4 COLLATE=utf8mb4_general_ci;

--
-- Dumping data for table `product_image`
--

INSERT INTO `product_image` (`product_id`, `image_1`, `image_2`, `image_3`, `image_4`, `image_5`) VALUES
(1, 'https://product.hstatic.net/200000260587/product/den__17__7d6a6c4e2e7d40f0bda9a6e5d77f153b_master.jpg', 'https://product.hstatic.net/200000260587/product/den2__16__6036048b1a70468a8cefae30e0d3f339_master.jpg', 'https://product.hstatic.net/200000260587/product/zve02684__1__f0644152ade244ce8dca8c4f06253e52_master.jpg', 'https://product.hstatic.net/200000260587/product/zve02686__1__c54053cfe5274259aa19edca7f5e5dc0_master.jpg', 'https://product.hstatic.net/200000260587/product/zve02687__1__0b4d1c8156c54010b5470bd9ab545b09_master.jpg'),
(2, 'https://product.hstatic.net/200000260587/product/xanh5__1__27734bdb81624803bde6c7a8cf1c2f31_master.jpg', 'https://product.hstatic.net/200000260587/product/xanh5b_1a4b76de73b14135924d7034d50769ab_master.jpg', 'https://product.hstatic.net/200000260587/product/zve03434_111b0dc265bd42f99017f14659743fef_master.jpg', 'https://product.hstatic.net/200000260587/product/zve03435_6a630bbfcfdf4d8aab95f7f18c810bd9_master.jpg', 'https://product.hstatic.net/200000260587/product/zve03439_6864fdfb9e1b475c98ed571335efd7c7_master.jpg'),
(3, 'https://product.hstatic.net/200000260587/product/xanh-la-da-quang5_651a56c59c2b4109b699a588a67da55d_master.jpg', 'https://product.hstatic.net/200000260587/product/xanh-la-da-quang6_9078cdef22b145c3b2f1d148dc54bc6e_master.jpg', 'https://product.hstatic.net/200000260587/product/zve03214_6cc8627a161d4402b404ca4626c71a10_master.jpg', 'https://product.hstatic.net/200000260587/product/zve03216_146334b43e8643ebb413fc67713b2c45_master.jpg', 'https://product.hstatic.net/200000260587/product/zve03221_09e810c9d2c34f168cd9fa28d4885d82_master.jpg'),
(6, 'https://product.hstatic.net/200000260587/product/8197f270-33ad-4929-8e48-9ae6d4699b62_ab41d50441fd401cb8c3c36eb33837ce_master.jpeg', 'https://product.hstatic.net/200000260587/product/80f641e9-61f5-40d2-966a-b8bf18247e24_7ef5567762554ed2b06f64a4229ff0d6_master.jpeg', 'https://product.hstatic.net/200000260587/product/fc8c400a-6363-43d1-96f4-536ce5e44d3a_e115e511803c496f9790c95e4493a14c_master.jpeg', 'https://product.hstatic.net/200000260587/product/88e67210-8edd-42f1-8342-596a90000904_5b5e923d985041df88abc21be1f2ebd2_master.jpeg', 'https://product.hstatic.net/200000260587/product/34796efa-2644-4cf9-b5d6-4a32d74bb2d3_87d2ef4878dc427dad82a40fee9a0c86_master.jpeg'),
(7, 'https://product.hstatic.net/200000260587/product/4wk8emmt-1-p1vc-hinh_mat_truoc-0_50114367516c48bd92e2fbbe75267805_master.jpg', 'https://product.hstatic.net/200000260587/product/4wk8emmt-1-p1vc-hinh_mat_sau-0_6f1ee73c47134124839543098e27d773_master.jpg', NULL, NULL, NULL),
(8, 'https://product.hstatic.net/200000260587/product/c40dd138-2027-460e-bcdb-fbdf7d7f8964_38e5042db7314c8b85f26a4edaa85be1_master.jpeg', NULL, NULL, NULL, NULL),
(9, 'https://product.hstatic.net/200000260587/product/trang_a34c56be3d254f979ab2f69beaf08434_master.jpg', 'https://product.hstatic.net/200000260587/product/trang2_45dbf1c2eda34e89910fe1a87acdb1bc_master.jpg', 'https://product.hstatic.net/200000260587/product/zve03368_39057a4f85bd486ba65b2404ab93f3b6_master.jpg', 'https://product.hstatic.net/200000260587/product/zve03371_749554b123dc4aa1a633017ef879aada_master.jpg', 'https://product.hstatic.net/200000260587/product/zve03373_67c3c624dcb34ed0b0610fae0d3f7491_master.jpg'),
(10, 'https://media.coolmate.me/cdn-cgi/image/quality=100/uploads/March2023/s6.917_72.jpg', 'https://media.coolmate.me/cdn-cgi/image/quality=100/uploads/February2023/ultra-fast--15.jpg', 'https://media.coolmate.me/cdn-cgi/image/quality=100/uploads/February2023/ultra_fast_den.jpg', 'https://media.coolmate.me/cdn-cgi/image/quality=100/uploads/February2023/ultra-fast--12.jpg', 'https://media.coolmate.me/cdn-cgi/image/quality=100/uploads/February2023/ultra-fast--19.jpg'),
(11, 'https://media.coolmate.me/cdn-cgi/image/quality=100/uploads/May2022/recycle7den.jpg', 'https://media.coolmate.me/cdn-cgi/image/quality=100/uploads/August2022/7_recycle_navy_1.jpg', 'https://media.coolmate.me/cdn-cgi/image/quality=100/uploads/May2022/DSC01585-copy.jpg', 'https://media.coolmate.me/cdn-cgi/image/quality=100/uploads/August2022/7_recycle_navy_3.jpg', 'https://media.coolmate.me/cdn-cgi/image/quality=100/uploads/May2022/DSC01590-copy.jpg'),
(12, 'https://media.coolmate.me/cdn-cgi/image/quality=80,format=auto/uploads/June2022/graphene_111.jpg', 'https://media.coolmate.me/cdn-cgi/image/quality=80,format=auto/uploads/July2022/2Short_Graphene_copy.jpg', 'https://media.coolmate.me/cdn-cgi/image/quality=80,format=auto/uploads/June2022/graphene_22.jpg', 'https://media.coolmate.me/cdn-cgi/image/quality=80,format=auto/uploads/June2022/graphene_55.jpg', 'https://media.coolmate.me/cdn-cgi/image/quality=80,format=auto/uploads/June2022/graphene_33.jpg'),
(13, 'https://media.coolmate.me/cdn-cgi/image/quality=80,format=auto/uploads/February2023/advance6.913.jpg', 'https://media.coolmate.me/cdn-cgi/image/quality=80,format=auto/uploads/February2023/advanced-fast-1_2.jpg', 'https://media.coolmate.me/cdn-cgi/image/quality=80,format=auto/uploads/February2023/advanced_fast-1.jpg', 'https://media.coolmate.me/cdn-cgi/image/quality=80,format=auto/uploads/February2023/advanced_fast-3.jpg', 'https://media.coolmate.me/cdn-cgi/image/quality=80,format=auto/uploads/February2023/advanced_fast-2.jpg'),
(14, 'https://media.coolmate.me/cdn-cgi/image/quality=100/uploads/September2022/s5_in_-_den_2D.jpg', 'https://media.coolmate.me/cdn-cgi/image/quality=100/uploads/July2022/1_28.jpg', 'https://media.coolmate.me/cdn-cgi/image/quality=100/uploads/July2022/5_35.jpg', 'https://media.coolmate.me/cdn-cgi/image/quality=100/uploads/July2022/6_11.jpg', 'https://media.coolmate.me/cdn-cgi/image/quality=100/uploads/July2022/4_10.jpg'),
(15, 'https://media.coolmate.me/cdn-cgi/image/quality=100/uploads/January2023/jean-denim-regular-s2-xanh-dam-8.jpg', 'https://media.coolmate.me/cdn-cgi/image/quality=100/uploads/January2023/jean-denim-regular-s2-xanh-dam-5.jpg', 'https://media.coolmate.me/cdn-cgi/image/quality=100/uploads/January2023/jean-denim-regular-s2-xanh-dam.jpg', 'https://media.coolmate.me/cdn-cgi/image/quality=100/uploads/January2023/jean-denim-regular-s2-xanh-dam-6.jpg', 'https://media.coolmate.me/cdn-cgi/image/quality=100/uploads/January2023/jean-denim-regular-s2-xanh-dam-2.jpg'),
(16, 'https://media.coolmate.me/cdn-cgi/image/quality=80,format=auto/uploads/November2022/jean-slimfit-xanh-sang-7_19_20.jpg', 'https://media.coolmate.me/cdn-cgi/image/quality=80,format=auto/uploads/November2022/anh-mau-jeans-basic-slimfit-xe-goi-xanh-nhat-6.jpg', 'https://media.coolmate.me/cdn-cgi/image/quality=80,format=auto/uploads/November2022/anh-mau-jeans-basic-slimfit-xe-goi-xanh-nhat-7.jpg', NULL, NULL),
(17, 'https://media.coolmate.me/cdn-cgi/image/quality=80,format=auto/uploads/April2022/32-0.jpg', 'https://media.coolmate.me/cdn-cgi/image/quality=80,format=auto/uploads/March2023/Jeans_slimfitx_xanh_nhat.jpg', 'https://media.coolmate.me/cdn-cgi/image/quality=80,format=auto/uploads/April2022/DSC06654-copy.jpg', 'https://media.coolmate.me/cdn-cgi/image/quality=80,format=auto/uploads/April2022/32-11.jpg', 'https://media.coolmate.me/cdn-cgi/image/quality=80,format=auto/uploads/April2022/xanh_n_3_copy.jpg'),
(18, 'https://media.coolmate.me/cdn-cgi/image/quality=100/uploads/March2023/Coolmate_x_Copper_Denim__Quan_Jeans_dang_OG_Slim10.jpg', 'https://media.coolmate.me/cdn-cgi/image/quality=100/uploads/March2023/Coolmate_x_Copper_Jeans_-_OG_Slim__-_Xanh_dam_6_copy.jpg', 'https://media.coolmate.me/cdn-cgi/image/quality=100/uploads/March2023/Quan_Jeans_dang_OG_Slim-thuumb-1.jpg', 'https://media.coolmate.me/cdn-cgi/image/quality=100/uploads/March2023/Coolmate_x_Copper_Jeans_-_OG_Slim__-_Xanh_dam_2_copy.jpg', 'https://media.coolmate.me/cdn-cgi/image/quality=100/uploads/March2023/Coolmate_x_Copper_Jeans_-_OG_Slim__-_Xanh_dam_3_copy.jpg'),
(19, 'https://product.hstatic.net/200000260587/product/5644dd04-b768-4c25-b96b-2b6a02f57cea_2ce8bdf3299f4f1497a629cf4505af9a_master.jpeg', 'https://product.hstatic.net/200000260587/product/ee2dd3c5-7e8b-44f9-a444-9eba13520285_f7961cd7bd274e1ab9c4ee8606d2a3b4_master.jpeg', 'https://product.hstatic.net/200000260587/product/53c0c58d-8295-4840-876c-1457e5c2fffa_4a6c40a3faad4800a2ceafc15b522bf2_master.jpeg', 'https://product.hstatic.net/200000260587/product/94c4821b-9121-440c-a5db-44e9b96a4df2_33ca3c733ade4606ad5ca48376941914_master.jpeg', 'https://product.hstatic.net/200000260587/product/ac534373-cfea-4726-9e59-9bf3620b3d53_23adbc50f08a4baa9ed1681a834b13e3_master.jpeg'),
(20, 'https://product.hstatic.net/200000260587/product/zve01201_6c3364275e194ebea22722788ae2b08f_master.png', 'https://product.hstatic.net/200000260587/product/zve01198_25c014c85c4b4af5a017b45f733b6daa_master.png', 'https://product.hstatic.net/200000260587/product/zve01193_cb8c01c5547143f39d06ebf978f59644_master.png', 'https://product.hstatic.net/200000260587/product/zve01204_2d1a43a55a974ed5a9849ef7af4256ac_master.png', 'https://product.hstatic.net/200000260587/product/zve01203_676c98df405b474a9e46a8db2b198031_master.png');

-- --------------------------------------------------------

--
-- Table structure for table `product_info`
--

CREATE TABLE IF NOT EXISTS `product_info` (
  `product_id` int(11) NOT NULL AUTO_INCREMENT,
  `product_type` varchar(100) NOT NULL,
  `product_name` varchar(250) NOT NULL,
  `product_color` varchar(50) NOT NULL,
  `product_size` varchar(50) NOT NULL,
  `product_description` varchar(5000) NOT NULL,
  `product_price` double NOT NULL,
  `quantity` int(11) NOT NULL DEFAULT 0,
  PRIMARY KEY (`product_id`)
) ENGINE=InnoDB AUTO_INCREMENT=21 DEFAULT CHARSET=utf8mb4 COLLATE=utf8mb4_general_ci;

--
-- Dumping data for table `product_info`
--

INSERT INTO `product_info` (`product_id`, `product_type`, `product_name`, `product_color`, `product_size`, `product_description`, `product_price`, `quantity`) VALUES
(1, 'T-SHIRT', 'ALIEN TEE', 'black', 'M,L,XL', 'ALIEN TEE\r\nMATERIAL: TICI SPANDEX\r\n\r\nSize và form áo được đo theo chuẩn của người Việt Nam\r\nNên chọn size lớn hơn nếu bạn thích mặc thoải mái\r\nSize M: Chiều cao từ 1m50 – 1m65, cân nặng dưới 60kg\r\nSize L: Chiều cao từ 1m65 – 1m72, cân nặng dưới 65kg\r\nSize XL: Chiều cao từ 1m70 – 1m77, cân nặng dưới 80kg\r\n\r\nBảng size nhằm mục đích hướng dẫn và khích thước có tỉ lệ dung size ± 0.5cm\r\nNếu bạn không chắc chắn về số đo của mình, hãy liên hệ chúng mình để được tư vấn kĩ hơn', 180000, 0),
(2, 'T-SHIRT', 'MONSTER 02 TEE', 'blue', 'M,L,XL', 'MATERIAL: TICI SPANDEX\r\n\r\nSize và form áo được đo theo chuẩn của người Việt Nam\r\nNên chọn size lớn hơn nếu bạn thích mặc thoải mái\r\nSize M: Chiều cao từ 1m50 – 1m65, cân nặng dưới 60kg\r\nSize L: Chiều cao từ 1m65 – 1m72, cân nặng dưới 65kg\r\nSize XL: Chiều cao từ 1m70 – 1m77, cân nặng dưới 80kg\r\n\r\nBảng size nhằm mục đích hướng dẫn và khích thước có tỉ lệ dung size ± 0.5cm\r\nNếu bạn không chắc chắn về số đo của mình, hãy liên hệ chúng mình để được tư vấn kĩ hơn', 180000, 0),
(3, 'T-SHIRT', 'PAINT TEE', 'green', 'M,L,XL', '', 180000, 0),
(6, 'HOODIE', 'BASIC HOODIE / NEON YELLOW', 'yellow', 'M,L', 'FLYING HEART TEE\r\nSize và form áo được đo theo chuẩn của người Việt Nam\r\nNên chọn size lớn hơn nếu bạn thích mặc thoải mái\r\nSize M: Chiều cao từ 1m50 – 1m65, cân nặng dưới 60kg\r\nSize L: Chiều cao từ 1m65 – 1m72, cân nặng dưới 65kg\r\nSize XL: Chiều cao từ 1m70 – 1m77, cân nặng dưới 80kg\r\nBảng size nhằm mục đích hướng dẫn và khích thước có tỉ lệ dung size ± 0.5cm Nếu bạn không chắc chắn về số đo của mình, hãy liên hệ chúng mình để được tư vấn kĩ hơn ', 160000, 0),
(7, 'HOODIE', 'HOODIE BASIC / WHITE', 'white', 'M,L', '', 179000, 0),
(8, 'HOODIE', 'HUMMING BIRD HOODIE / BLUE', 'blue', 'M,L', '', 129000, 0),
(9, 'HOODIE', 'SICKO® HOODIE', 'white', 'M,L', '', 300000, 0),
(10, 'SHORT PANTS', 'Quần shorts chạy bộ Ultra Fast & Free Run', 'black,blue', 'M,L,XL,2XL,3XL', 'Chất liệu: 100% Polyester\r\nXử lý hoàn thiện vải: Quick-Dry + Wicking + Stretch\r\nCông nghệ may Seamless hạn chế tối đa ma sát trong quá trình vận động\r\nPhù hợp với: chơi thể thao, chạy bộ. Được thiết kế dựa trên các Runner chuyên nghiệp\r\nĐộ dài quần: 5 inch\r\nTự hào sản xuất tại Việt Nam\r\nNgười mẫu: 183 cm - 76 kg, mặc quần 2XL', 279000, 0),
(11, 'SHORT PANTS', 'Quần short nam thể thao 7\" thoáng khí', 'black,blue', 'M,L,XL,2XL', 'Chất liệu: 100% sợi Recycled Polyester\r\nXử lý hoàn thiện vải: Quick-Dry + Wicking + Stretch\r\nVải Recycle dệt kiểu Double Weaving mang lại cảm giác Cooling khi mặc\r\nPhù hợp với: vận động thể thao\r\nĐộ dài quần: 7 inch\r\nTự hào sản xuất tại Việt Nam\r\nNgười mẫu: 186 cm - 72 kg, mặc quần size XL', 279000, 0),
(12, 'SHORT PANTS', 'Quần short nam thể thao 7\" co giãn công nghệ Graphene', 'gray', 'M,L,2XL,3XL', 'Chất liệu 100% sợi Polyester PTT mang lại độ co giãn tốt\r\nCông nghệ ứng dụng Graphene vào hoàn tất vải mang lại 6 tính năng ưu việt: Thấm hút, Nhanh khô, Kháng khuẩn, Chống UV, Cooling, Khử mùi.\r\nPhù hợp với: vận động thể thao\r\nĐộ dài quần: 7 inch\r\nNgười mẫu: 1m77 - 74kg, mặc quần size XL\r\nTự hào sản xuất tại Việt Nam', 249000, 0),
(13, 'SHORT PANTS', 'Quần shorts chạy bộ Advanced Fast & Free Run', 'black', 'M,L,XL,2XL', 'Chất liệu: 89% Recycled Polyester - 11% Spandex\r\nXử lý hoàn thiện vải: Quick-Dry + Wicking + Stretch\r\nCông nghệ Chafe-Free may Seamless hạn chế tối đa ma sát trong quá trình vận động\r\nĐịnh lượng vải 85gsm siêu nhẹ\r\nĐược phát triển và phù hợp dựa trên các Runner chuyên nghiệp\r\nĐộ dài quần: 5 inch\r\nTự hào sản xuất tại Việt Nam\r\nNgười mẫu: 183 cm - 76 kg, mặc quần 2XL', 399000, 0),
(14, 'SHORT PANTS', 'Quần short nam thể thao Movement 5\" co giãn', 'black', 'S,M,L,XL,2XL', 'Chất liệu: 100% Polyester kết hợp tính năng: Wicking (Thấm hút nhanh), 4-way Mechanical stretch (Co giãn 4 chiều) và Quick-Dry (Nhanh khô)\r\nVải siêu nhẹ chỉ 106 gsm, mang lại cảm giác mặc như không mặc\r\nVải được dệt kiểu Double Weaving và nhuộm bằng công nghệ Zero Water Discharge (Không nước thải) theo đuổi xu hướng yếu tố thời trang bền vững\r\nPhù hợp với: các hoạt động chạy nhẹ và tập gym\r\nĐộ dài quần: 5 inch\r\nTự hào sản xuất tại Việt Nam', 199000, 0),
(15, 'JEANS', 'Quần Jeans Clean Denim dáng Regular S2', 'dark blue', '29,30,31,32,33', 'Vải Denim được dệt toàn bộ tại nhà máy Nhơn Trạch, Đồng Nai của Saitex\r\nChất liệu: 99% Regenerative Cotton (Cotton Tái sinh) + 1% Elastane, tạo sự co giãn đem đến sự thoải mái khi vận động\r\nĐịnh lượng vải nhẹ chỉ với 12.5 Oz\r\nKéo sợi và dệt nhuộm theo quy trình sạch và bền vững tại Việt Nam\r\nKiểu dáng Slimfit, co giãn tốt, không bo ống phù hợp mặc đa chức năng\r\nBẢO HÀNH TRỌN ĐỜI khoá kéo YKK, bất kỳ khi nào khoá kéo hỏng Coolmate sẽ đổi cho bạn sản phẩm mới!\r\nNhà cung cấp vải: Saitex\r\nTự hào sản xuất tại Việt Nam', 599000, 0),
(16, 'JEANS', 'Quần Jeans Basic Slimfit xé gối - màu Xanh nhạt', 'blue', '30,31,32', 'Chất liệu: 78% Cotton+ 10% Polyester + 11% Rayon + 1% Spandex\r\n10% Polyester và 11% Rayon đảm bảo tính mềm tay, đứng form\r\n1% Spandex để có co giãn\r\nKiểu dáng Slimfit, không bo ống\r\nTự hào sản xuất tại Việt Nam\r\nNgười mẫu: 175 cm - 69 kg, mặc áo XL, quần size 32', 399000, 0),
(17, 'JEANS', 'Quần Jeans Clean Denim dáng Slimfit', 'light blue', '31,32', 'Vải Denim được dệt toàn bộ tại nhà máy Nhơn Trạch, Đồng Nai của Saitex \r\nChất liệu: 98% Regenerative Cotton (Cotton Tái sinh) + 2% Spandex, tạo sự co giãn đem đến sự thoải mái khi vận động\r\nĐịnh lượng vải nhẹ chỉ với 11.4 Oz\r\nCông nghệ nhuộm KHÔNG sử dụng Sufur (lưu huỳnh) và KHÔNG có nước thải ra môi trường\r\nCông nghệ nhuộm Rope Dyeing mang lại độ bền màu cao hơn cho vải\r\nKiểu dáng Slimfit, không bo ống phù hợp mặc đa chức năng\r\nBẢO HÀNH TRỌN ĐỜI khoá kéo YKK, bất kỳ khi nào khoá kéo hỏng Coolmate sẽ đổi cho bạn sản phẩm mới!\r\nHDSD: Tránh ngâm trong nước quá lâu - Tránh tiếp xúc với các chất liệu gây loang màu - Không sử dụng chất tẩy, tránh giặt bằng máy', 449000, 0),
(18, 'JEANS', 'Coolmate x Copper Denim | Quần Jeans OG Slim', 'dark blue,light blue', '29,30,31,32,33', 'Chất liệu: 12 Oz / 99% Cotton - 1% Spandex\r\nDáng OG Slim: Dáng ôm tôn dáng, ống quần từ phần đùi xuống gấu của OG là rộng hơn Slim fit\r\nTính chất: Không còn rút và hạn chế ra màu sau khi giặt.\r\nCảm giác khi chạm mịn màng\r\nLưu ý:Sản phẩm vẫn sẽ bạc màu sau một thời gian dài sử dụng theo tính chất tự nhiên\r\nNgười mẫu: 175 cm - 69 kg, mặc áo XL, quần size 32\r\nTự hào sản xuất tại Việt Nam', 599000, 0),
(19, 'BACKPACK', 'HARD MODE SS2 BACKPACK', 'black', 'standard', '', 259000, 0),
(20, 'WALLET', 'STICKER WALLET', 'white', 'standard', '- Chất liệu : 100% polyester\r\n- Hoạ tiết : over print ( In toàn thân vải )\r\n- Kích thước : 13.5cm  x 8.5cm ( chiều ngang - chiều cao )\r\n- Logo thương hiệu được in đính ở mặt vải bên trong\r\n\r\nƯu điểm :\r\n- Dây đeo dài tiện dụng\r\n- Gồm nhiều ngăn nhỏ đựng thẻ ngân hàng, giấy tờ và thẻ căn cước\r\n- Bên trong là một ngăn lớn với sức chứa vừa phải\r\n- Mặt sau được trang trí bởi một ngăn lưới nhựa để nhấn mạnh tính thẩm mỹ của chiếc ví', 69000, 0);

--
-- Constraints for dumped tables
--

--
-- Constraints for table `bill_info`
--
ALTER TABLE `bill_info`
  ADD CONSTRAINT `bill_info_ibfk_1` FOREIGN KEY (`bill_id`) REFERENCES `payment_info` (`bill_id`),
  ADD CONSTRAINT `bill_info_ibfk_2` FOREIGN KEY (`user_id`) REFERENCES `account_info` (`user_id`),
  ADD CONSTRAINT `bill_info_ibfk_3` FOREIGN KEY (`product_id`) REFERENCES `product_info` (`product_id`);

--
-- Constraints for table `cart_info`
--
ALTER TABLE `cart_info`
  ADD CONSTRAINT `cart_info_ibfk_1` FOREIGN KEY (`user_id`) REFERENCES `account_info` (`user_id`),
  ADD CONSTRAINT `cart_info_ibfk_2` FOREIGN KEY (`product_id`) REFERENCES `product_info` (`product_id`);

--
-- Constraints for table `feedback`
--
ALTER TABLE `feedback`
  ADD CONSTRAINT `feedback_ibfk_1` FOREIGN KEY (`user_id`) REFERENCES `account_info` (`user_id`),
  ADD CONSTRAINT `feedback_ibfk_2` FOREIGN KEY (`product_id`) REFERENCES `product_info` (`product_id`);

--
-- Constraints for table `payment_info`
--
ALTER TABLE `payment_info`
  ADD CONSTRAINT `payment_info_ibfk_1` FOREIGN KEY (`user_id`) REFERENCES `account_info` (`user_id`);

--
-- Constraints for table `product_image`
--
ALTER TABLE `product_image`
  ADD CONSTRAINT `product_image_ibfk_1` FOREIGN KEY (`product_id`) REFERENCES `product_info` (`product_id`);
COMMIT;

/*!40101 SET CHARACTER_SET_CLIENT=@OLD_CHARACTER_SET_CLIENT */;
/*!40101 SET CHARACTER_SET_RESULTS=@OLD_CHARACTER_SET_RESULTS */;
/*!40101 SET COLLATION_CONNECTION=@OLD_COLLATION_CONNECTION */;
